symbol,period,numberAnalysts,revenueAvg,revenueHigh,revenueLow
MMM,2024-12-31,9,37976194338,39495242112,36836908508
MMM,2023-12-31,9,36266788238,37717459768,35178784591
MMM,2022-12-31,12,35153841803,36879120000,32941297000
MMM,2021-12-31,19,33619919409,35710200000,30975010000
MMM,2020-12-31,19,32060405150,33445800000,30148038440
MMM,2019-12-31,19,32624529341,32945259480,31067596500
MMM,2018-12-31,16,33204521890,33521280000,31592849560
MMM,2017-12-31,14,31969929086,32319720000,30361000000
MMM,2016-12-31,17,30575275867,30903960000,29136763000
MMM,2015-12-31,16,30647582538,31111020000,29108730000
MMM,2014-12-31,19,32389270672,33150000000,30771310000
MMM,2013-12-31,17,31488187167,32038200000,29877086400
MMM,2012-12-31,15,30238365323,31110000000,28697062000
MMM,2011-12-31,17,30038067132,30325620000,28542250000
MMM,2010-12-31,17,26981964808,27382165200,25640980000
MMM,2009-12-31,11,23176627739,23504880000,21873500000
MMM,2008-12-31,10,25787677573,27052440000,24138867100
MMM,2007-12-31,11,24733088421,24954300000,23494370000
MMM,2006-12-31,11,23260638274,23454900000,22172842000
MMM,2005-12-31,13,21593267791,21796380000,20419470000
MMM,2004-12-31,11,20296092249,20602980000,19225400000
MMM,2003-12-31,13,18297295045,18558900000,17273469000
MMM,2002-12-31,11,16490907999,16660680000,15708180000
MMM,2001-12-31,6,16437721999,16782060000,15520000000
MMM,2000-12-31,5,17194861250,17442000000,16296000000
MMM,1999-12-31,3,15839074999,15932400000,15122300000
MMM,1998-12-31,4,15572129999,16218000000,14575220000
MMM,1997-12-31,2,15277779999,15353040000,14600440000
MMM,1996-12-31,2,14412999999,14484000000,13774000000
AOS,2024-12-31,3,3458519156,3596859923,3354763582
AOS,2023-12-31,3,3270186688,3400994156,3172081087
AOS,2022-12-31,6,3138491446,3288174000,2912522000
AOS,2021-12-31,13,2994321608,3111102000,2788750000
AOS,2020-12-31,13,2806210825,2855184000,2650983810
AOS,2019-12-31,12,3063584040,3092538000,2914074000
AOS,2018-12-31,13,3243635499,3281340000,3077131000
AOS,2017-12-31,13,3040402131,3069067800,2891570000
AOS,2016-12-31,14,2737359508,2772279420,2587960000
AOS,2015-12-31,14,2608082318,2638230000,2460599000
AOS,2014-12-31,11,2376100343,2405670000,2260779000
AOS,2013-12-31,10,2192044638,2230740000,2081620000
AOS,2012-12-31,13,1943973593,1972272000,1835628000
AOS,2011-12-31,10,1749530693,1986960000,1622810000
AOS,2010-12-31,8,2216977210,2241317400,2080844000
AOS,2009-12-31,5,1992985487,2011470600,1895477000
AOS,2008-12-31,5,2354934487,2391900000,2239342000
AOS,2007-12-31,4,2319109220,2335800000,2210154700
AOS,2006-12-31,4,2214662329,2233800000,2108198000
AOS,2005-12-31,4,1707669829,1728594000,1624265000
AOS,2004-12-31,3,1660484174,1673707800,1582070000
AOS,2003-12-31,4,1546975029,1568902800,1458589000
AOS,2002-12-31,5,1486565620,1500603600,1413881700
ABT,2024-12-31,13,46038449709,47879987697,44657296217
ABT,2023-12-31,13,42368661015,44063407456,41097601185
ABT,2022-12-31,16,39576267214,46625348520,35824040000
ABT,2021-12-31,21,37622122609,42752802240,33982980000
ABT,2020-12-31,21,33552538269,34784040000,31230120000
ABT,2019-12-31,19,32328558731,32548200000,30810110000
ABT,2018-12-31,22,31109784418,31661820000,29605905440
ABT,2017-12-31,21,27601826262,28030620000,26196693000
ABT,2016-12-31,19,21211871239,21390420000,20183760000
ABT,2015-12-31,23,20743845827,20943660000,19755965750
ABT,2014-12-31,23,20676342522,20992620000,19629890000
ABT,2013-12-31,24,22282174123,22888800000,21140180000
ABT,2012-12-31,23,40336762794,41004000000,38322760000
ABT,2011-12-31,24,39634238522,40127820000,37331905000
ABT,2010-12-31,20,35610416898,35969565600,33571700000
ABT,2009-12-31,16,31036452515,31319100000,29432710000
ABT,2008-12-31,13,30015696552,30378660000,28436520000
ABT,2007-12-31,14,25944280553,26316049980,24237390000
ABT,2006-12-31,16,22798137356,23142780000,21634880000
ABT,2005-12-31,15,22798759693,23023440000,21723150000
ABT,2004-12-31,14,19751092141,20297034060,18748160000
ABT,2003-12-31,14,19742710037,19884900000,18817030000
ABT,2002-12-31,15,17865327772,18083580000,16961231820
ABT,2001-12-31,12,16298593179,16845300000,13332650000
ABT,2000-12-31,8,13980015504,14300400000,13221100000
ABT,1999-12-31,5,13315835749,13580280000,12610000000
ABT,1998-12-31,6,12608938999,12805080000,11985320000
ABT,1997-12-31,4,12118761670,12310380000,11397500000
ABT,1996-12-31,4,10923768329,11096580000,10338260000
ABBV,2024-12-31,12,71486123009,74345567930,69341539319
ABBV,2023-12-31,12,63847047595,66400929499,61931636167
ABBV,2022-12-31,16,57879655446,59776080000,53642959400
ABBV,2021-12-31,18,54328199190,55548180000,50970456140
ABBV,2020-12-31,18,46279200897,47634000000,43987525080
ABBV,2019-12-31,14,33789511993,34093500000,32176840000
ABBV,2018-12-31,19,33315157884,33732420000,31672410900
ABBV,2017-12-31,21,28435629233,28781584800,26958240000
ABBV,2016-12-31,22,26089882983,26641380000,24757310000
ABBV,2015-12-31,18,23205208241,23501820000,22032580000
ABBV,2014-12-31,17,20186424626,20825340000,18915000000
ABBV,2013-12-31,14,19035361937,19220043600,17945000000
ABBV,2012-12-31,12,18303479775,18566040000,17123410000
ABMD,2025-03-31,4,1709511646,1777892112,1658226296
ABMD,2024-03-31,4,1432710390,1490018806,1389729079
ABMD,2023-03-31,8,1218739254,1346717220,1072489230
ABMD,2022-03-31,11,1030157675,1124142000,916553000
ABMD,2021-03-31,11,856081003,909126000,786379000
ABMD,2020-03-31,11,857618383,896076120,799280000
ABMD,2019-03-31,12,792549554,802526820,754240960
ABMD,2018-03-31,13,592500251,598199400,565316000
ABMD,2017-03-31,10,449982487,454257000,429253130
ABMD,2016-03-31,11,330951914,334254010,315250000
ABMD,2015-03-31,13,228680149,231540000,216795000
ABMD,2014-03-31,12,186643579,188700000,176326600
ABMD,2013-03-31,13,158683344,161301780,150447000
ABMD,2012-03-31,11,125908344,128520000,119019000
ABMD,2011-03-31,12,101888338,103270920,96641100
ABMD,2010-03-31,11,86811254,87720000,82250180
ABMD,2009-03-31,11,75201015,77586300,68660480
ABMD,2008-03-31,8,61021119,62276100,57230000
ABMD,2007-03-31,9,51740812,53386800,48694000
ABMD,2006-03-31,8,42017782,42742080,39285000
ABMD,2005-03-31,5,38218129,38556000,36278000
ABMD,2002-03-31,7,22918699,24786000,21146000
ABMD,2001-03-31,3,24968999,25092000,23862000
ABMD,1999-03-31,3,21923999,22032000,20952000
ABMD,1998-03-31,3,24055499,24174000,22989000
ACN,2024-09-30,17,56197434548,58445331930,54511511512
ACN,2023-09-30,17,52972024559,55090905542,51382863822
ACN,2022-09-30,20,50680710598,54479934000,46090364800
ACN,2021-09-30,27,47319826054,50915850000,42162848380
ACN,2020-09-30,27,45034205368,45490980000,42547110000
ACN,2019-09-30,26,43880702031,44208706380,41631430000
ACN,2018-09-30,26,40023819903,40307340000,38138072000
ACN,2017-09-30,29,35228519098,35514360000,33513500000
ACN,2016-09-30,28,33304597215,33611560200,31312570000
ACN,2015-09-30,27,31294089712,31635300000,29697520000
ACN,2014-09-30,24,30281598660,30587760000,28767290000
ACN,2013-09-30,26,28921753790,30843198600,27350120000
ACN,2012-09-30,24,28220210170,28667100000,26836990000
ACN,2011-09-30,20,25676242804,25940946000,24233510000
ACN,2010-09-30,22,21791151166,22437960000,20686705000
ACN,2009-09-30,17,21899257476,22144200000,20836570000
ACN,2008-09-30,18,23730462611,23989777800,22539890000
ACN,2007-09-30,18,19773098335,19952220000,18778230000
ACN,2006-09-30,20,17212016272,17421600000,16385501900
ACN,2005-09-30,20,15705985378,15870180000,14960892000
ACN,2004-09-30,22,13934679940,14116596000,13212370000
ACN,2003-09-30,17,11981907464,12059460000,11341046000
ACN,2002-09-30,17,11735415495,11931654000,11148210000
ACN,2001-09-30,8,11455000004,11654520000,10869820000
ATVI,2024-12-31,21,10012112259,10412596749,9711748891
ATVI,2023-12-31,21,9430936072,9808173515,9148007990
ATVI,2022-12-31,25,9016748034,11048640000,7768730000
ATVI,2021-12-31,33,8223841838,9991920000,7380730000
ATVI,2020-12-31,33,8008935340,8638380000,7395959000
ATVI,2019-12-31,34,6463937743,6610416000,6078020000
ATVI,2018-12-31,33,7565789699,7696428360,6984000000
ATVI,2017-12-31,30,7164830189,7592880000,6646440000
ATVI,2016-12-31,23,6583520191,6688140000,6129430000
ATVI,2015-12-31,21,4763091088,4859994000,4449390000
ATVI,2014-12-31,24,4909926621,5026560000,4563975983
ATVI,2013-12-31,27,4362048369,4568580000,4107950000
ATVI,2012-12-31,26,4886171683,4986780000,4250540000
ATVI,2011-12-31,24,4347652938,4437000000,4113770000
ATVI,2010-12-31,28,4653491195,4856220000,4283520000
ATVI,2009-12-31,28,4599280137,4851120000,4106689000
ATVI,2008-12-31,24,4717087492,5051856000,3881076700
ADBE,2024-12-31,17,22447815683,23345728311,21774381213
ADBE,2023-12-31,17,19507782337,20288093630,18922548866
ADBE,2022-12-31,21,17207102941,18541560000,15356167000
ADBE,2021-12-31,29,14998081788,15685560000,13905629000
ADBE,2020-12-31,29,12995088117,13115160000,12304353000
ADBE,2019-12-31,31,11321111537,11424000000,10806188000
ADBE,2018-12-31,31,9129685094,9205500000,8713510000
ADBE,2017-12-31,32,7357101000,7418460000,7024740000
ADBE,2016-12-31,28,5922314661,5983442400,5643460000
ADBE,2015-12-31,26,4867144574,4911300000,4621468000
ADBE,2014-12-31,22,4201452886,4280940000,3999989000
ADBE,2013-12-31,24,4105992065,4177920000,3912495000
ADBE,2012-12-31,25,4417551624,4459440000,4195541000
ADBE,2011-12-31,27,4211442262,4254593400,3992520000
ADBE,2010-12-31,30,3828701180,3882120000,3486180000
ADBE,2009-12-31,25,2985477223,3020322000,2822292600
ADBE,2008-12-31,26,3636347292,3695174400,3457652300
ADBE,2007-12-31,27,3180931438,3216192600,3027370000
ADBE,2006-12-31,29,2602748036,2628540000,2473500000
ADBE,2005-12-31,26,1993609803,2040000000,1895380000
ADBE,2004-12-31,22,1680647149,1695342000,1598075000
ADBE,2003-12-31,19,1299115277,1326000000,1205613000
ADBE,2002-12-31,19,1177530163,1192522800,1120156000
ADBE,2001-12-31,15,1271991229,1366800000,1198144000
ADBE,2000-12-31,7,1284000374,1291320000,1226080000
ADBE,1999-12-31,9,1019815454,1037340000,958651000
ADBE,1998-12-31,9,922091974,1046622000,844870000
ADBE,1997-12-31,6,926796499,944418000,867859000
ADBE,1996-12-31,6,809614749,831810000,760577000
AAP,2024-12-31,8,10469496446,10888276304,10155411553
AAP,2023-12-31,8,10336198648,10749646594,10026112688
AAP,2022-12-31,11,10357666969,10625646000,9409000000
AAP,2021-12-31,22,10225032555,10538640000,9409000000
AAP,2020-12-31,22,10095598080,10390658400,9312000000
AAP,2019-12-31,23,9863142405,9930206940,9404724240
AAP,2018-12-31,22,9724822407,9797916000,9268980500
AAP,2017-12-31,26,9494005743,9590040000,9045250000
AAP,2016-12-31,27,9645121166,9761400000,9185417910
AAP,2015-12-31,24,9911960951,10119420000,9388760950
AAP,2014-12-31,26,10040176360,10141115400,9474960000
AAP,2013-12-31,21,6572516404,6639208386,6254909200
AAP,2012-12-31,21,6300677236,6354396000,6002667490
AAP,2011-12-31,23,6259475179,6315636000,5965500000
AAP,2010-12-31,20,5994450944,6044630160,5695694500
AAP,2009-12-31,18,5501403824,5582460000,5230520330
AAP,2008-12-31,13,5172429931,5219483820,4879294000
AAP,2007-12-31,14,4896654583,4970349840,4239288000
AAP,2006-12-31,17,4712465345,4805730000,4472088000
AAP,2005-12-31,15,4304225635,4364784000,4091460000
AAP,2004-12-31,17,3798098788,3868146000,3592201000
AAP,2003-12-31,9,3549465149,3623040000,3359284600
AAP,2002-12-31,4,3417843329,3570000000,3197120000
AMD,2024-12-31,14,19033014163,19794334729,18462023738
AMD,2023-12-31,14,15745681574,16375508837,15273311126
AMD,2022-12-31,17,13221520427,15520320000,10456600000
AMD,2021-12-31,37,11129092202,12203280000,9465260000
AMD,2020-12-31,37,9051432908,9345240000,8567040000
AMD,2019-12-31,38,6812444459,6908460000,6455350000
AMD,2018-12-31,31,6600289219,6699360000,6241174000
AMD,2017-12-31,26,5339642096,5506115040,5080672790
AMD,2016-12-31,26,4302769861,4347036000,4094952000
AMD,2015-12-31,29,4047614574,4158144240,3780090000
AMD,2014-12-31,29,5592400127,5622546000,5338880000
AMD,2013-12-31,28,5329797094,5393760000,5082557500
AMD,2012-12-31,31,5497767028,5539620000,5215939290
AMD,2011-12-31,33,6692636964,6759540000,6234190000
AMD,2010-12-31,34,6571668249,6626940000,6203150000
AMD,2009-12-31,28,5328251066,5421565200,5021690000
AMD,2008-12-31,30,5912577827,6303600000,5387380000
AMD,2007-12-31,28,6114355341,6262800000,5634730000
AMD,2006-12-31,33,5698495996,5852862000,5088717000
AMD,2005-12-31,34,5714572946,5927118000,3643029000
AMD,2004-12-31,28,5073469745,5118054000,4831764000
AMD,2003-12-31,28,3447972742,3532846500,3214580000
AMD,2002-12-31,24,2733749742,2768280000,2532670000
AMD,2001-12-31,14,3842316329,3916698000,3597730000
AMD,2000-12-31,11,4758563600,4794000000,4537660000
AMD,1999-12-31,6,2811529699,2983500000,2583983000
AMD,1998-12-31,7,2602020170,2928420000,2308600000
AMD,1997-12-31,5,2501264499,2689740000,2328000000
AMD,1996-12-31,3,2200129225,2445990600,1879084000
AES,2024-12-31,2,11731394086,12200649849,11379452263
AES,2023-12-31,2,11347659166,11801565533,11007229391
AES,2022-12-31,5,11141123393,12256422000,10073857400
AES,2021-12-31,7,10934929615,11711844000,10040276000
AES,2020-12-31,7,10426372827,11090868000,9668960000
AES,2019-12-31,7,10766012634,11808438000,9986848400
AES,2018-12-31,9,11249430744,12624500220,10172118400
AES,2017-12-31,9,14118941558,14859054000,12902940000
AES,2016-12-31,11,14708625245,19189321200,11321840000
AES,2015-12-31,11,16492882174,19693252200,12928160000
AES,2014-12-31,11,17324924263,19651942200,14602380000
AES,2013-12-31,8,18469570609,19509223800,16655870000
AES,2012-12-31,6,18420482276,20922240000,16617399800
AES,2011-12-31,5,17103511249,17656200000,15936130000
AES,2010-12-31,4,14673854999,16231260000,11274310000
AES,2009-12-31,4,13429972499,14378430000,11274310000
AES,2008-12-31,6,15225966787,16740393000,10927050000
AES,2007-12-31,6,12892712699,13808760000,10464360000
AES,2006-12-31,5,12032984862,13175340000,9844268100
AES,2005-12-31,5,10588962124,11272020000,8857070000
AES,2004-12-31,7,9358519920,10045266000,8148000000
AES,2003-12-31,3,8700224750,8892666000,8172250000
AES,2002-12-31,3,10450947499,10710000000,9790210000
AES,2001-12-31,2,9135000000,9180000000,8730000000
AES,2000-12-31,2,5826099999,5854800000,5567800000
AES,1999-12-31,4,3365401670,3575100000,2950740000
AES,1998-12-31,2,1865569999,1874760000,1782860000
AES,1997-12-31,2,1281944999,1288260000,1225110000
AES,1996-12-31,2,742979999,746640000,710040000
AFL,2024-12-31,1,18665366455,19411981114,18105405462
AFL,2023-12-31,1,19382989821,20158309414,18801500126
AFL,2022-12-31,4,20430126552,20803315140,19265170000
AFL,2021-12-31,7,21471548271,22324785900,20165330000
AFL,2020-12-31,7,22034401884,22516456140,20711440000
AFL,2019-12-31,7,22474539247,22879620000,21163011860
AFL,2018-12-31,11,22164282645,22537920000,20950292800
AFL,2017-12-31,9,21833720530,22145220000,20665825750
AFL,2016-12-31,11,22671169625,22976520000,21501990000
AFL,2015-12-31,14,21131986618,21765780000,19935863890
AFL,2014-12-31,12,22945269147,23250900000,21820160670
AFL,2013-12-31,14,24258476198,25516320000,22841016800
AFL,2012-12-31,14,25929228651,26521020000,23720380000
AFL,2011-12-31,10,23592371628,24235200000,21674650000
AFL,2010-12-31,10,21388946089,21575355180,20293370000
AFL,2009-12-31,6,19495135703,19830116820,18084680000
AFL,2008-12-31,8,17403528289,17949001200,15838645000
AFL,2007-12-31,9,15518244918,15702390000,14671250000
AFL,2006-12-31,10,14742816129,14852027220,14066261000
AFL,2005-12-31,10,14407518746,14859462000,13628500000
AFL,2004-12-31,8,13421736495,13597620000,12745800000
AFL,2003-12-31,7,11785841670,12007950000,10989324000
AFL,2002-12-31,9,10252430420,10457346000,9609790000
AFL,2001-12-31,4,9735677000,9867480000,9146130000
AFL,2000-12-31,5,9775515750,10079640000,8720300000
AFL,1999-12-31,2,8615320000,8657760000,8233360000
AFL,1998-12-31,2,6995228764,7029688020,6685095470
AFL,1997-12-31,2,5972563484,6001984980,5707770030
A,2024-12-31,7,6937695909,7215203745,6729565032
A,2023-12-31,7,6473501145,6732441191,6279296110
A,2022-12-31,11,6130970698,6355008000,5745665990
A,2021-12-31,16,5754334130,5923038000,5435880000
A,2020-12-31,16,5338164703,5385485760,5085613000
A,2019-12-31,17,5205519570,5259120000,4962520000
A,2018-12-31,15,4947805741,4976580000,4722944550
A,2017-12-31,15,4519489951,4559400000,4309710000
A,2016-12-31,18,4221063752,4260915360,4025500000
A,2015-12-31,18,4100620868,4128960000,3903959000
A,2014-12-31,16,7093378046,7146120000,6762733300
A,2013-12-31,19,6874695302,6927555420,6550410000
A,2012-12-31,18,6951259472,7011422880,6613945000
A,2011-12-31,17,6746494966,6812988000,6426250000
A,2010-12-31,14,5484716422,5558592000,5227621000
A,2009-12-31,11,4483263454,4554300000,4245690000
A,2008-12-31,10,5925252812,5978220000,5638610000
A,2007-12-31,10,5470710437,5534418000,5213750000
A,2006-12-31,10,5824359995,5874180000,5551310000
A,2005-12-31,9,6989870001,7062480000,6628980000
A,2004-12-31,11,7343524999,7450080000,6973330000
A,2003-12-31,11,6052478829,6116940000,5748220000
A,2002-12-31,16,5889421495,6040440000,5329180000
A,2001-12-31,17,8194290194,8302800000,7760000000
A,2000-12-31,7,10478250999,10767120000,9700000000
APD,2024-09-30,17,11926216467,12403265125,11568429973
APD,2023-09-30,17,11048397280,11490333171,10716945361
APD,2022-09-30,20,10388717078,12072720000,9166500000
APD,2021-09-30,24,9709544708,10646760000,8899847000
APD,2020-09-30,24,8916384123,9135120000,8413780000
APD,2019-09-30,21,9190988841,9651240000,8600020000
APD,2018-09-30,20,9117588639,9404400000,8597110000
APD,2017-09-30,18,8219245390,8440500000,7626322360
APD,2016-09-30,19,9657568202,9772008397,9155549670
APD,2015-09-30,18,10158353896,10291473600,9658290000
APD,2014-09-30,21,10658092333,10828320000,10114578000
APD,2013-09-30,21,10414472256,10605960000,9814460000
APD,2012-09-30,19,9724768226,10297920000,9130610000
APD,2011-09-30,19,10242658040,10404204000,9678279760
APD,2010-09-30,14,9177578864,9312600000,8697020000
APD,2009-09-30,13,8335087807,8496600000,7837600000
APD,2008-09-30,14,10680097117,10857900000,10027860000
APD,2007-09-30,12,10306393047,10408794000,9755290000
APD,2006-09-30,13,9190926500,9333000000,8715450000
APD,2005-09-30,10,8294151446,8409594000,7850210000
APD,2004-09-30,10,7382388223,7515360000,6712400000
APD,2003-09-30,13,6298314905,6430080000,5725910000
APD,2002-09-30,9,5482048829,5567160000,5190470000
APD,2001-09-30,5,5867376670,5926200000,5578470000
APD,2000-09-30,4,5417054999,5567160000,5044000000
APD,1998-09-30,4,5056053329,5171400000,4752030000
APD,1996-09-30,2,4046804999,4066740000,3867390000
AKAM,2024-12-31,7,4086990934,4250470571,3964381206
AKAM,2023-12-31,7,3831852780,3985126892,3716897197
AKAM,2022-12-31,11,3646531741,3760485000,3376210130
AKAM,2021-12-31,22,3416439097,3560456880,3175982730
AKAM,2020-12-31,22,3205461045,3246821160,3032155980
AKAM,2019-12-31,23,2913963489,2934728700,2780505000
AKAM,2018-12-31,24,2745210381,2770422000,2619000000
AKAM,2017-12-31,27,2526276749,2545920000,2406248930
AKAM,2016-12-31,27,2363018089,2382490500,2244580000
AKAM,2015-12-31,26,2220740576,2244000000,2111981000
AKAM,2014-12-31,26,1982127190,2000888100,1867250000
AKAM,2013-12-31,25,1588259515,1601636640,1510290000
AKAM,2012-12-31,25,1398144270,1412254260,1332974000
AKAM,2011-12-31,26,1163622308,1178713020,1107993170
AKAM,2010-12-31,27,1037097138,1047030000,988333000
AKAM,2009-12-31,24,868144288,876720600,827781510
AKAM,2008-12-31,22,795599223,803777340,756988000
AKAM,2007-12-31,23,637199937,643235460,603364250
AKAM,2006-12-31,18,430862810,434352720,409146000
AKAM,2005-12-31,15,283597242,286069200,270132390
AKAM,2004-12-31,10,211358149,213425820,201337080
AKAM,2003-12-31,5,162941329,164424000,155200000
AKAM,2002-12-31,6,144197670,145350000,137449000
AKAM,2001-12-31,19,163392801,165648000,155200000
AKAM,2000-12-31,18,89526938,92269200,83905000
ALK,2024-12-31,8,15172621318,15779526171,14717442678
ALK,2023-12-31,8,10740200582,11169808605,10417994565
ALK,2022-12-31,11,7716674971,8550660000,5750160000
ALK,2021-12-31,17,6385386517,7465380000,4162270000
ALK,2020-12-31,17,3949156224,4449240000,3577360000
ALK,2019-12-31,15,8902765168,8956416000,8478770000
ALK,2018-12-31,15,8379543619,8429280000,7989405000
ALK,2017-12-31,13,8051095121,8093700000,7690451000
ALK,2016-12-31,11,5956488483,6047682000,5616494000
ALK,2015-12-31,14,5683780678,5725260000,5424146880
ALK,2014-12-31,14,5444995605,5482806000,5186590000
ALK,2013-12-31,14,5069268376,5258202000,4801500000
ALK,2012-12-31,11,4726640388,4763400000,4506329000
ALK,2011-12-31,15,4390035836,4465560000,4165180000
ALK,2010-12-31,13,3875724628,3906090000,3680180000
ALK,2009-12-31,8,3435231162,3485242080,3252827100
ALK,2008-12-31,9,3675911444,3735240000,3487625300
ALK,2007-12-31,8,3558273177,3590400000,3384233000
ALK,2006-12-31,7,3388259297,3416610360,3231019560
ALK,2005-12-31,5,3000136999,3034908000,2842100000
ALK,2004-12-31,8,2770032734,2791682880,2624267100
ALK,2003-12-31,4,2488516099,2515728000,2370583000
ALK,2002-12-31,7,2280244190,2301426000,2164458000
ALK,2001-12-31,4,2286744250,2459628000,2043887000
ALK,1999-12-31,2,1675764999,1684020000,1601470000
ALB,2024-12-31,10,4221404704,4390260892,4094762563
ALB,2023-12-31,10,3894386060,4050161503,3777554479
ALB,2022-12-31,13,3646591007,3999420000,3104970000
ALB,2021-12-31,21,3361425184,3988538640,2846449480
ALB,2020-12-31,21,3103497190,3679929480,2809177230
ALB,2019-12-31,22,3643938010,3717900000,3390713570
ALB,2018-12-31,24,3417330927,3585300000,3197896000
ALB,2017-12-31,21,3057951247,3116085720,2898360000
ALB,2016-12-31,20,2773518640,3917452800,2525298000
ALB,2015-12-31,18,3674942505,3833160000,3468720000
ALB,2014-12-31,15,2578506801,2644336740,2377664000
ALB,2013-12-31,17,2619270815,2678324160,2454100000
ALB,2012-12-31,16,2744771262,2783212800,2604450000
ALB,2011-12-31,11,2905384151,2945760000,2762754000
ALB,2010-12-31,11,2372258304,2411689020,2226150000
ALB,2009-12-31,10,2005668085,2047344000,1891112000
ALB,2008-12-31,11,2567490712,2631467400,2411420000
ALB,2007-12-31,9,2377909905,2441778000,2235850000
ALB,2006-12-31,12,2412338969,2487984000,2255250000
ALB,2005-12-31,7,2066344439,2104260000,1949700000
ALB,2004-12-31,7,1580823595,1795200000,1460723000
ALB,2003-12-31,6,1090211500,1116900000,1009770000
ALB,2002-12-31,6,989041374,1013880000,913740000
ALB,2001-12-31,3,904872499,938400000,837110000
ALB,1996-12-31,2,863764999,868020000,825470000
ARE,2024-12-31,2,1987682208,2067189497,1928051742
ARE,2023-12-31,2,1811700756,1884168786,1757349733
ARE,2022-12-31,5,1676069499,1803258000,1488659000
ARE,2021-12-31,9,1512721236,1619556000,1387197000
ARE,2020-12-31,10,1392558684,1407804000,1317260000
ARE,2019-12-31,9,1180104721,1190965260,1122782760
ARE,2018-12-31,10,1027878492,1037136000,979603000
ARE,2017-12-31,12,874167846,887746800,827565200
ARE,2016-12-31,12,676610053,691560000,632927910
ARE,2015-12-31,11,836159029,848130000,784720300
ARE,2014-12-31,10,734743274,742764000,692618800
ARE,2013-12-31,11,640763409,649174920,598538500
ARE,2012-12-31,12,600599291,615162000,561630000
ARE,2011-12-31,13,576558204,593844000,540290000
ARE,2010-12-31,10,486852433,494292000,456676000
ARE,2008-12-31,7,453935404,459212160,426315000
ARE,2002-12-31,4,153265000,154020000,146470000
ARE,2000-12-31,3,104193809,104754000,99529760
ALXN,2024-12-31,17,8138123893,8463648848,7893980176
ALXN,2023-12-31,17,7435286040,7732697482,7212227459
ALXN,2022-12-31,21,6895045027,7548000000,5631091530
ALXN,2021-12-31,24,6391497112,7386330000,5556368550
ALXN,2020-12-31,24,5756701810,5997600000,5298140000
ALXN,2019-12-31,23,4999881930,5137321800,4738450000
ALXN,2018-12-31,20,4119592558,4187325420,3912010000
ALXN,2017-12-31,23,3572890964,3611705760,3383360000
ALXN,2016-12-31,23,3136145690,3166809300,2925520000
ALXN,2015-12-31,22,2645041787,2672502000,2516702830
ALXN,2014-12-31,25,2259400413,2284800000,2149423000
ALXN,2013-12-31,26,1563184163,1579619940,1481578000
ALXN,2012-12-31,25,1146878239,1155665100,1091250000
ALXN,2011-12-31,24,788093512,796642440,746900000
ALXN,2010-12-31,22,546963809,552319800,519920000
ALXN,2009-12-31,17,391111239,395776320,372176390
ALXN,2008-12-31,13,262309494,265322400,248591600
ALXN,2007-12-31,13,69403264,70550340,65325620
ALXN,2006-12-31,11,1651912,1907400,1358000
ALGN,2024-12-31,11,6059637273,6302022764,5877848155
ALGN,2023-12-31,11,4630084216,4815287585,4491181690
ALGN,2022-12-31,15,3590849430,4569294000,3092393950
ALGN,2021-12-31,19,2937834401,3696888000,2522970000
ALGN,2020-12-31,19,2105629426,2358240000,1912452000
ALGN,2019-12-31,20,2439115319,2458562100,2325090000
ALGN,2018-12-31,19,1975437720,2004356100,1881441100
ALGN,2017-12-31,14,1470379668,1482822960,1401262000
ALGN,2016-12-31,15,1094893309,1113085200,1040940950
ALGN,2015-12-31,15,853944265,862308000,814371260
ALGN,2014-12-31,14,771446141,778872000,731214130
ALGN,2013-12-31,15,662652037,673710000,618424470
ALGN,2012-12-31,15,560428271,565386000,534179000
ALGN,2011-12-31,14,485465111,496843020,459624800
ALGN,2010-12-31,11,377501398,381378000,359758450
ALGN,2009-12-31,12,310820100,314486400,295850000
ALGN,2008-12-31,9,307870815,311508000,293033120
ALGN,2007-12-31,11,287152188,289476000,273152000
ALGN,2006-12-31,11,208239176,209610000,198850000
ALGN,2005-12-31,11,208782454,211140000,194970000
ALGN,2004-12-31,4,177320499,178194000,169459000
ALGN,2003-12-31,4,123576249,124542000,117758000
ALGN,2002-12-31,4,74450250,75174000,70810000
ALGN,2001-12-31,4,49278249,50082000,46560000
ALLE,2024-12-31,6,2891635280,3007300692,2804886222
ALLE,2023-12-31,6,2813298388,2925830324,2728899436
ALLE,2022-12-31,10,2778139965,2864506800,2584043140
ALLE,2021-12-31,15,2682654053,2858040000,2447019000
ALLE,2020-12-31,15,2629803927,2661282000,2500369000
ALLE,2019-12-31,13,2910210953,2937294000,2772798350
ALLE,2018-12-31,13,2774300920,2801622780,2646160000
ALLE,2017-12-31,12,2426262699,2449020000,2313052300
ALLE,2016-12-31,14,2274170247,2292552000,2167911200
ALLE,2015-12-31,12,2115349421,2150194680,1999461000
ALLE,2014-12-31,10,2140401692,2174436000,2031180000
ALLE,2013-12-31,7,2145354343,2167548960,2031471000
LNT,2024-12-31,1,4016860355,4177534769,3896354544
LNT,2023-12-31,1,3930596398,4087820254,3812678506
LNT,2022-12-31,4,3903877774,3947400000,3707698900
LNT,2021-12-31,7,3910009389,4148340000,3667696100
LNT,2020-12-31,7,3739983187,3784465200,3533710000
LNT,2019-12-31,8,3706766947,3809700000,3405815500
LNT,2018-12-31,9,3555475472,3693728040,3305585400
LNT,2017-12-31,7,3489007517,3568980000,3296060000
LNT,2016-12-31,7,3401945049,3543480000,3148620000
LNT,2015-12-31,8,3441215978,3534300000,3223310000
LNT,2014-12-31,8,3375806972,3438308820,3192270000
LNT,2013-12-31,7,3276006894,3395580000,3019610000
LNT,2012-12-31,8,3286336407,3539400000,3012626000
LNT,2011-12-31,10,3642076460,3858904800,3382810980
LNT,2010-12-31,8,3632495052,3842482800,3353096000
LNT,2009-12-31,4,3528850499,3614574000,3327488000
LNT,2008-12-31,3,3676532999,3831120000,3383748000
LNT,2007-12-31,3,3537274999,3588360000,3348440000
LNT,2006-12-31,3,3455567499,3497580000,3278600000
LNT,2005-12-31,4,3138887499,3302760000,2910000000
LNT,2004-12-31,3,3014803749,3101310000,2813000000
LNT,2003-12-31,3,2566427499,2597940000,2434700000
LNT,2002-12-31,2,2696854999,2710140000,2577290000
ALL,2024-12-31,5,48009238358,49929607893,46568961208
ALL,2023-12-31,5,44761965513,46552444133,43419106547
ALL,2022-12-31,8,42360348329,46710900000,36418650000
ALL,2021-12-31,13,38849328000,41266140000,35599000000
ALL,2020-12-31,13,36833944000,37509480000,34892840000
ALL,2019-12-31,15,35935905829,36277320000,33791890000
ALL,2018-12-31,17,33847966249,34162860000,31889720000
ALL,2017-12-31,14,33021720004,33299940000,31183560000
ALL,2016-12-31,17,32089478749,32276880000,30631630000
ALL,2015-12-31,22,31377231498,31599600000,29906070000
ALL,2014-12-31,20,30041139547,30246060000,28620820000
ALL,2013-12-31,23,28521945036,28788480000,27094719000
ALL,2012-12-31,21,27326228194,27679740000,25926160000
ALL,2011-12-31,20,26255785768,26557740000,24952280000
ALL,2010-12-31,14,26335697499,26534280000,25127850000
ALL,2009-12-31,5,32515524999,32675700000,31073950000
ALL,2008-12-31,4,31628414999,31784220000,30226170000
ALL,2007-12-31,8,36657914072,37531599720,34467980000
ALL,2006-12-31,9,34987611975,41106810900,23805740000
ALL,2005-12-31,9,35469175000,35939700000,33631840000
ALL,2004-12-31,7,33957139649,34248540000,32236980000
ALL,2003-12-31,9,31172476999,36531300000,23881400000
ALL,2002-12-31,7,28003342499,31749540000,23330440000
ALL,2001-12-31,4,29520936670,29822760000,28125150000
ALL,2000-12-31,6,28615428099,35650020000,23104139000
ALL,1999-12-31,2,22128014999,22237020000,21146970000
ALL,1998-12-31,2,26125084999,26253780000,24966830000
ALL,1997-12-31,2,24489006499,24609642000,23403287000
ALL,1996-12-31,2,2008684999,2018580000,1919630000
GOOGL,2024-12-31,25,341667419582,355334116365,331417396994
GOOGL,2023-12-31,25,288212094662,299740578448,279565731822
GOOGL,2022-12-31,30,246766884549,267980248680,218963920000
GOOGL,2021-12-31,42,212039209679,228068626860,190987180000
GOOGL,2020-12-31,42,175650581531,181176270900,162115421000
GOOGL,2019-12-31,47,165201234788,166823040000,157355612570
GOOGL,2018-12-31,45,138525631043,139737960000,131504840000
GOOGL,2017-12-31,44,112051430977,113180520900,106513275000
GOOGL,2016-12-31,49,90782304125,93312660000,85938120000
GOOGL,2015-12-31,50,75531525125,76851429780,71691730000
GOOGL,2014-12-31,49,67386973493,68225556000,63875955000
GOOGL,2013-12-31,48,60592922102,62326080000,56703086300
GOOGL,2012-12-31,39,42008490774,42630900000,39377460400
GOOGL,2011-12-31,39,29767370174,30277680000,27014936500
GOOGL,2010-12-31,41,22033419872,22310460000,20836570000
GOOGL,2009-12-31,37,17707924404,17988720000,16719114000
GOOGL,2008-12-31,38,15990571271,16244554680,15118323000
GOOGL,2007-12-31,34,11894205942,12110851680,11114686800
GOOGL,2006-12-31,37,7369024398,7521480000,6907725990
GOOGL,2005-12-31,38,4085778432,4182000000,3796580000
GOOGL,2004-12-31,28,1928431599,1970293200,1817974000
GOOG,2021-12-31,35,224762614999,234949860000,206864140000
GOOG,2020-12-31,35,193006309999,196945680000,179555730000
MO,2024-12-31,5,22284729450,23176118628,21616187567
MO,2023-12-31,5,21819058294,22691820626,21164486545
MO,2022-12-31,10,21683564769,22832700000,19551320000
MO,2021-12-31,16,21200813596,21795625200,19612430000
MO,2020-12-31,16,20786855833,21312053400,19653170000
MO,2019-12-31,16,20180354672,20436720000,19194360000
MO,2018-12-31,18,19933660830,20206067400,18947010000
MO,2017-12-31,16,19905481933,20295960000,18890630690
MO,2016-12-31,15,19682949832,19844100000,18775310300
MO,2015-12-31,12,19136197955,19327980000,18022289600
MO,2014-12-31,14,18150520756,18292374000,17267396800
MO,2013-12-31,15,17994781643,18168240000,17073940000
MO,2012-12-31,15,17665424273,17860200000,16597912500
MO,2011-12-31,14,17182439243,17365500000,16030220000
MO,2010-12-31,12,17219146860,17427540480,16188330000
MO,2009-12-31,12,17072517341,17312460000,16183965000
MO,2008-12-31,13,16097737701,16380309540,14728072600
MO,2007-12-31,12,38523012493,39183565200,36562210000
MO,2006-12-31,12,71619586311,73696059780,67923280000
MO,2005-12-31,10,69374465070,70062780000,65557993200
MO,2004-12-31,12,64597668679,65441160000,60187530000
MO,2003-12-31,12,61329310489,62422980000,57890570000
MO,2002-12-31,8,63508888329,64613940000,59523080000
MO,2001-12-31,5,68648509999,68986680000,65604980000
MO,2000-12-31,5,83648179999,84361140000,79653490000
MO,1999-12-31,5,80312889999,82314000000,75225440000
MO,1998-12-31,5,67142249999,75684000000,56357000000
MO,1997-12-31,4,74373110000,74739480000,71075780000
AMZN,2024-12-31,28,690899252061,718535222143,670172274499
AMZN,2023-12-31,28,590261400938,613871856975,572553558910
AMZN,2022-12-31,32,511846912851,583872480000,450142080000
AMZN,2021-12-31,46,440763292864,487376400000,372008580000
AMZN,2020-12-31,46,373616783975,388374326880,348629640000
AMZN,2019-12-31,49,283412094313,286514940000,267995678850
AMZN,2018-12-31,48,235864354333,238566984000,223605370000
AMZN,2017-12-31,47,179920469981,181967286000,170100409590
AMZN,2016-12-31,45,139044747251,140898720000,131639205370
AMZN,2015-12-31,43,108824531183,110166120000,103177930000
AMZN,2014-12-31,45,90643895772,91695960000,85838404000
AMZN,2013-12-31,46,76063945283,77113020000,71908040000
AMZN,2012-12-31,39,63014510026,64655423400,59478460000
AMZN,2011-12-31,41,49631816145,51073440000,47033398800
AMZN,2010-12-31,38,34793893094,35465400000,32603640000
AMZN,2009-12-31,34,24386065484,24905340000,22679182000
AMZN,2008-12-31,30,19189968777,19809012000,18032300000
AMZN,2007-12-31,25,14736678424,15038298600,13788849730
AMZN,2006-12-31,25,10653508664,10809184800,10048394900
AMZN,2005-12-31,20,8711205080,8865636000,8194201100
AMZN,2004-12-31,20,6899743259,7041060000,6421400000
AMZN,2003-12-31,18,5259725432,5398788600,4950880000
AMZN,2002-12-31,13,3949388994,3992586000,3740708000
AMZN,2001-12-31,20,3065122374,3107940000,2904150900
AMZN,2000-12-31,14,2826695555,2889393780,2667112000
AMZN,1999-12-31,10,1545543798,1646280000,1423960000
AMZN,1998-12-31,7,568309462,619242000,527809980
AMZN,1997-12-31,5,134207694,135938460,127749000
AMCR,2025-06-30,1,12945365791,13463180422,12557004817
AMCR,2024-06-30,1,12851547432,13365609330,12466001009
AMCR,2023-06-30,5,12949785134,13187580000,12230271190
AMCR,2022-06-30,9,12869482222,13070280000,12202600000
AMCR,2021-06-30,9,12762778662,12923400000,12054190000
AMCR,2020-06-30,9,12808939938,13193700000,12099392000
AMCR,2019-06-30,3,9732183370,9780125160,9300707260
AEE,2024-12-31,4,6875602555,7150626657,6669334478
AEE,2023-12-31,4,6643810563,6909562986,6444496246
AEE,2022-12-31,7,6516130291,6746280000,5958580020
AEE,2021-12-31,10,6414760293,6848280000,5847955400
AEE,2020-12-31,10,6086259288,6375000000,5616604580
AEE,2019-12-31,10,6310231543,6783969000,5833501430
AEE,2018-12-31,10,6441479843,6743740200,6058814000
AEE,2017-12-31,8,6379230918,6628561800,5989750000
AEE,2016-12-31,9,6377712914,6676308000,5852762720
AEE,2015-12-31,9,6332326306,6589638600,5951757040
AEE,2014-12-31,10,6124078624,6360424200,5771500000
AEE,2013-12-31,8,6213820428,6783000000,5645032370
AEE,2012-12-31,9,7278114776,7803000000,6687282820
AEE,2011-12-31,9,7742894147,7897814100,7093842800
AEE,2010-12-31,9,7730549067,8427240000,6906400000
AEE,2009-12-31,3,7444287094,7480958460,7114244810
AEE,2008-12-31,4,8313565240,8731914000,7618509980
AEE,2007-12-31,4,8075111290,8324016000,7385118280
AEE,2006-12-31,5,7335743329,7879908000,6596000000
AEE,2005-12-31,5,6514936601,6701937540,5846190000
AEE,2004-12-31,5,5051181329,5227500000,4573550000
AEE,2003-12-31,6,4492187000,4574700000,4171000000
AEE,2002-12-31,4,4502878329,4714440000,4158390000
AEE,2001-12-31,3,4261477499,4284000000,4071090000
AEE,2000-12-31,3,3763619999,3790320000,3589000000
AEE,1999-12-31,2,3450999999,3468000000,3298000000
AAL,2024-12-31,9,77461382681,80559837988,75137541201
AAL,2023-12-31,9,53003727316,55123876408,51413615496
AAL,2022-12-31,12,36812356523,41969890020,28892420000
AAL,2021-12-31,19,30200154887,36026400000,19416490000
AAL,2020-12-31,19,17723932507,19922640000,13535380000
AAL,2019-12-31,19,46461618016,46828200000,44364890000
AAL,2018-12-31,19,45217385900,45585840000,43183056550
AAL,2017-12-31,18,42822030773,43345920000,40538240000
AAL,2016-12-31,16,40717133679,41035518000,38717550000
AAL,2015-12-31,15,41612801002,41840400000,39753122000
AAL,2014-12-31,18,43303577344,43641720000,41321806000
AAL,2013-12-31,15,39634109303,41227145400,25061355530
AAL,2012-12-31,5,25189112565,25389819600,23979951030
AAL,2011-12-31,9,24264752694,24524880000,23044290000
AAL,2010-12-31,12,22475132007,22630281000,21322637000
AAL,2009-12-31,9,20182384164,20321460000,19226370000
AAL,2008-12-31,11,24165889674,24382916400,23021010000
AAL,2007-12-31,9,23259375361,23588520000,22170708000
AAL,2006-12-31,12,22960308635,23296800000,21834700000
AAL,2005-12-31,8,21066020499,21275160000,20059600000
AAL,2004-12-31,8,18988415548,19176000000,18034240000
AAL,2003-12-31,8,17699564204,17962302000,16781000000
AAL,2002-12-31,9,17634204000,18133560000,16555960000
AAL,2001-12-31,4,19131735000,19274838000,18237067000
AAL,2000-12-31,3,19845787499,20090940000,18825760000
AAL,1999-12-31,4,19897044999,20205180000,18854860000
AEP,2024-12-31,5,18406403019,19142659139,17854210928
AEP,2023-12-31,5,17678316456,18385449114,17147966962
AEP,2022-12-31,8,17233715653,18240660000,15974881500
AEP,2021-12-31,11,16842988286,17780640000,15441362100
AEP,2020-12-31,11,15902027837,16629060000,14493272460
AEP,2019-12-31,13,16593549966,17462400000,15169643760
AEP,2018-12-31,16,16256151441,16886705880,15022390000
AEP,2017-12-31,13,15278820933,16555354800,11852430000
AEP,2016-12-31,16,16891139673,18598680000,15445997730
AEP,2015-12-31,18,17725825512,19601340000,15941950000
AEP,2014-12-31,16,17276076261,20596044000,14967681030
AEP,2013-12-31,14,15871570143,17995860000,13951118120
AEP,2012-12-31,15,15686940882,17489940000,13861300000
AEP,2011-12-31,16,15472359874,17641920000,13983064100
AEP,2010-12-31,14,14894603797,16628040000,13554665540
AEP,2009-12-31,8,14327538014,15552960000,13029733550
AEP,2008-12-31,8,14254969067,15378142200,12726303000
AEP,2007-12-31,7,13373096162,14462580000,12039506140
AEP,2006-12-31,8,12903845422,13887300000,11278406310
AEP,2005-12-31,6,12562697376,13445993940,11400410000
AEP,2004-12-31,7,15197087499,15933420000,14205650000
AEP,2003-12-31,6,13884215449,15963000000,12257890000
AEP,2002-12-31,5,51813719999,66300000000,42215370000
AEP,2001-12-31,4,15193534999,15511140000,14259000000
AEP,2000-12-31,2,6788319999,6821760000,6487360000
AEP,1999-12-31,2,6655354999,6688140000,6360290000
AEP,1997-12-31,2,5985454999,6014940000,5720090000
AXP,2024-12-31,15,54771759014,56962629375,53128606244
AXP,2023-12-31,15,49401266475,51377317134,47919228481
AXP,2022-12-31,18,45225723089,50053756200,35993790000
AXP,2021-12-31,28,40878337025,45576660000,32614310000
AXP,2020-12-31,28,36791735905,39518880000,32825770000
AXP,2019-12-31,26,44216955971,44581115520,42047560000
AXP,2018-12-31,26,41044320228,41605800000,38936770000
AXP,2017-12-31,28,33839427623,34174080000,31766530000
AXP,2016-12-31,28,32476554541,32847060000,30358090000
AXP,2015-12-31,28,33227946120,33636540000,30551120000
AXP,2014-12-31,25,34296744013,36190620000,31594840000
AXP,2013-12-31,27,33500560931,34033320000,31687960000
AXP,2012-12-31,24,32131286772,34543320000,30270790000
AXP,2011-12-31,21,30555785126,31032480000,28632460000
AXP,2010-12-31,19,28219177114,28624260000,26772970000
AXP,2009-12-31,19,24570556380,24857400000,23273210000
AXP,2008-12-31,17,29830336024,31731118800,27715810000
AXP,2007-12-31,10,28829608101,30365276580,26942720000
AXP,2006-12-31,16,27723238836,28719120000,23714114770
AXP,2005-12-31,16,26181591501,33763020000,23464300000
AXP,2004-12-31,17,28807779400,30513300000,26788490000
AXP,2003-12-31,17,24830635981,25845780000,23399310000
AXP,2002-12-31,14,23481471368,25084860000,21909390000
AXP,2001-12-31,8,21903581579,23687460000,20314419000
AXP,2000-12-31,6,23117436999,25183800000,21543700000
AXP,1999-12-31,4,20223198329,21520980000,18624000000
AXP,1998-12-31,2,19605740000,19702320000,18736520000
AIG,2024-12-31,3,47016672272,48897339163,45606172104
AIG,2023-12-31,3,46439528833,48297109987,45046342968
AIG,2022-12-31,6,46557512049,46974283380,44335895730
AIG,2021-12-31,9,44771459382,45566692560,42311400000
AIG,2020-12-31,9,45454964036,46334520000,42868363330
AIG,2019-12-31,9,50158167100,50757240000,47466950000
AIG,2018-12-31,10,48113039713,48723744540,45520264760
AIG,2017-12-31,11,50703437382,51635939400,47603994510
AIG,2016-12-31,11,52938293167,54543480000,49749476400
AIG,2015-12-31,12,58788205504,61855860000,53948393000
AIG,2014-12-31,19,34657464995,35352180000,33024620000
AIG,2013-12-31,17,34443573893,34982940000,32773390000
AIG,2012-12-31,14,35847995553,38909940000,33846210000
AIG,2011-12-31,13,35842898000,36419100000,33680922000
AIG,2010-12-31,4,67785597599,68119516800,64780324800
AIG,2008-12-31,5,93071134484,93529612980,88944828030
AIG,2007-12-31,6,114557310174,122971200000,97000000000
AIG,2006-12-31,7,118404824999,122808000000,109964050000
AIG,2005-12-31,7,106894724999,108879900000,99910000000
AIG,2004-12-31,4,93256846670,100224180000,78935690000
AIG,2003-12-31,4,79045831670,83594100000,68361720000
AIG,2002-12-31,5,60784289999,61121460000,58053530000
AIG,2001-12-31,5,48272638749,50924520000,44620000000
AIG,2000-12-31,4,45021001670,46104000000,41483020000
AIG,1999-12-31,3,33662982499,37333020000,28838100000
AMT,2024-12-31,9,9778530085,10169671288,9485174182
AMT,2023-12-31,9,9256028917,9626270074,8978348049
AMT,2022-12-31,12,8892868522,9150339420,8244806000
AMT,2021-12-31,18,8466086579,8770980000,7851956000
AMT,2020-12-31,19,7968164952,8088600000,7561651490
AMT,2019-12-31,17,7704125064,7767402000,7340960000
AMT,2018-12-31,20,7468441161,7595940000,6900580000
AMT,2017-12-31,21,6752210715,6802380000,6430130000
AMT,2016-12-31,23,5877412908,5933333880,5588170000
AMT,2015-12-31,20,4813507904,4854478860,4586160000
AMT,2014-12-31,20,4169358505,4223820000,3959540000
AMT,2013-12-31,22,3389429795,3439021800,3211670000
AMT,2012-12-31,22,2893795642,2932261320,2747719000
AMT,2011-12-31,24,2479481219,2519400000,2358573430
AMT,2010-12-31,22,2006185491,2022660000,1912555790
AMT,2009-12-31,17,1745845553,1770352800,1654820000
AMT,2008-12-31,15,1616905373,1627890420,1543297160
AMT,2007-12-31,16,1467196303,1482927000,1374490000
AMT,2006-12-31,16,1332838520,1346400000,1253240000
AMT,2005-12-31,15,950322850,958800000,896280000
AMT,2004-12-31,9,771899511,792937800,732544000
AMT,2003-12-31,10,738148224,748782000,696082670
AMT,2002-12-31,5,1031252179,1061922000,960688000
AMT,2001-12-31,9,1140555500,1181160000,1067000000
AMT,2000-12-31,8,740154920,786726000,686760000
AMT,1999-12-31,4,252157799,261521880,230763000
AWK,2024-12-31,7,4602522884,4786623799,4464447197
AWK,2023-12-31,7,4384902816,4560298929,4253355731
AWK,2022-12-31,10,4240236016,4404166200,3893580000
AWK,2021-12-31,14,4045200112,4252563600,3728680000
AWK,2020-12-31,14,3848742467,4014669000,3525950000
AWK,2019-12-31,13,3684891433,3829641000,3467847000
AWK,2018-12-31,16,3473422578,3734811600,3235175040
AWK,2017-12-31,14,3476639366,3665524020,3261137090
AWK,2016-12-31,14,3386329274,3454740000,3204880000
AWK,2015-12-31,17,3214915871,3279300000,3043263450
AWK,2014-12-31,14,3130865335,3534832440,2916305000
AWK,2013-12-31,15,2999290855,3317283780,2798741000
AWK,2012-12-31,14,2929109096,3204004620,2743839000
AWK,2011-12-31,16,2820501356,2944977660,2613180000
AWK,2010-12-31,18,2735269644,2794800000,2526656000
AWK,2009-12-31,11,2489284556,2544390000,2360689000
AWK,2008-12-31,8,2394104657,2443347780,2269800000
AMP,2024-12-31,3,15089135656,15692701082,14636461586
AMP,2023-12-31,3,14162485181,14728984589,13737610626
AMP,2022-12-31,6,13492133079,13902905806,12574037250
AMP,2021-12-31,9,12669368039,12966750000,11841760000
AMP,2020-12-31,9,11885868427,12061500000,11302110200
AMP,2019-12-31,8,12585533099,12983580000,11415930000
AMP,2018-12-31,9,12914791487,13083540000,12269326300
AMP,2017-12-31,9,12016853568,12119640000,11397500000
AMP,2016-12-31,8,11820172928,12268507980,11161003330
AMP,2015-12-31,10,12187097387,13007040000,11272651300
AMP,2014-12-31,9,12047574401,13237171380,11138510000
AMP,2013-12-31,9,11073081934,11481415800,10132620000
AMP,2012-12-31,10,10427178950,10754880000,9797831290
AMP,2011-12-31,9,10354531929,10725231660,9742680000
AMP,2010-12-31,8,10166022789,10529460000,9545217100
AMP,2009-12-31,6,7900985837,8277779400,7403040000
AMP,2008-12-31,6,7735080534,8070327720,7131430300
AMP,2007-12-31,7,8827418460,9265485180,8236270000
AMP,2006-12-31,9,8100407962,8224842420,7644899800
AMP,2005-12-31,8,7532683739,7652346000,7098695710
ABC,2024-09-30,12,235468037793,244886759305,228403996659
ABC,2023-09-30,12,222764627749,231675212859,216081688917
ABC,2022-09-30,15,213907760216,218369454000,200825890000
ABC,2021-09-30,18,202734940047,208080000000,189527330000
ABC,2020-09-30,18,191450497892,193800000000,182061240000
ABC,2019-09-30,17,181860249960,183436876500,173405930000
ABC,2018-09-30,17,170442151601,171828996000,162232500000
ABC,2017-09-30,14,156463331147,157624170000,149059900000
ABC,2016-09-30,17,149380479350,150940620000,142278212900
ABC,2015-09-30,18,136922390858,138132480000,129913167000
ABC,2014-09-30,18,120567132107,121948650000,113215490000
ABC,2013-09-30,15,88783652218,90252150000,83836779900
ABC,2012-09-30,15,81577345971,82640400000,76881746040
ABC,2011-09-30,18,81217309809,82130400000,77189154560
ABC,2010-09-30,19,78984771401,79636500000,75140903530
ABC,2009-09-30,14,72153953036,72735108600,68623620000
ABC,2008-09-30,13,71678867356,72461616000,68115049000
ABC,2007-09-30,14,67018440299,67668840000,63555564000
ABC,2006-09-30,14,61738391908,62351580000,58510400000
ABC,2005-09-30,14,51072254045,55896000000,47685200000
ABC,2004-09-30,12,49145302254,49830570000,46257330900
ABC,2003-09-30,11,46069080042,46399800000,43947790000
ABC,2002-09-30,13,40855340779,41233704000,38940650000
ABC,2001-09-30,7,37307949000,39769188000,33659000000
ABC,2000-09-30,5,11373582499,11832000000,10241260000
ABC,1999-09-30,4,9551420670,10098000000,8875500000
ABC,1998-09-30,3,8767823750,8976000000,8222205000
ABC,1997-09-30,3,7024307499,7823808000,5985482000
ABC,1996-09-30,2,5567173499,5594598000,5320353000
AME,2024-12-31,5,6053532317,6295673609,5871926347
AME,2023-12-31,5,5620304130,5845116295,5451695006
AME,2022-12-31,8,5296351636,5817060000,4859515700
AME,2021-12-31,18,4947334436,5397840000,4556090000
AME,2020-12-31,18,4565566871,4656402000,4298070000
AME,2019-12-31,18,5273443248,5313486000,5019750000
AME,2018-12-31,16,4907986084,4957200000,4672199000
AME,2017-12-31,15,4314011727,4372740000,4062360000
AME,2016-12-31,17,3896086005,3949134000,3708892000
AME,2015-12-31,15,4054948426,4089346260,3854780000
AME,2014-12-31,14,4094859555,4134060000,3886790000
AME,2013-12-31,13,3610421218,3643847898,3407125000
AME,2012-12-31,13,3408226884,3435360000,3211670000
AME,2011-12-31,13,3040960888,3093660000,2891473000
AME,2010-12-31,11,2476237949,2509098000,2340610000
AME,2009-12-31,8,2119282444,2139552000,2018570000
AME,2008-12-31,7,2605966317,2642820000,2454779000
AME,2007-12-31,9,2138098220,2157300000,2035351000
AME,2006-12-31,7,1823032192,1843140000,1721750000
AME,2005-12-31,5,1444416303,1460212620,1368767000
AME,2004-12-31,3,1244416897,1253478000,1186458410
AME,2003-12-31,7,1103920932,1128120000,1047212000
AME,2002-12-31,9,1058362251,1076987400,1002010000
AME,2001-12-31,2,1042404999,1047540000,996190000
AMGN,2024-12-31,21,29487944054,30667461816,28603305732
AMGN,2023-12-31,21,28419356289,29556130541,27566775600
AMGN,2022-12-31,25,27800334522,29552518140,25272955210
AMGN,2021-12-31,29,26922323032,28320388740,24701050000
AMGN,2020-12-31,29,25822574775,26520000000,24267818900
AMGN,2019-12-31,26,23571556008,23924100000,22322610000
AMGN,2018-12-31,23,23712873717,24017124000,22560735300
AMGN,2017-12-31,26,23230787175,23540183220,22028700000
AMGN,2016-12-31,25,23115881583,23379420000,21942641600
AMGN,2015-12-31,21,21976242212,22353300000,20827064000
AMGN,2014-12-31,24,20237513504,20561670000,19175639000
AMGN,2013-12-31,26,18750296609,19056660000,17813953000
AMGN,2012-12-31,27,17471889178,17628864000,16643260000
AMGN,2011-12-31,25,15744797080,15925260000,14767444900
AMGN,2010-12-31,29,15231863846,15380580000,14218395800
AMGN,2009-12-31,23,14896784575,15052140000,14173640000
AMGN,2008-12-31,24,15268930032,15505020000,14451962100
AMGN,2007-12-31,24,14787151563,14950140000,14039791640
AMGN,2006-12-31,26,14405124828,14564084280,13708040000
AMGN,2005-12-31,33,12671239172,12967643520,11959130000
AMGN,2004-12-31,29,10636342893,10888500000,10022040000
AMGN,2003-12-31,32,8469667672,8610024000,7996680000
AMGN,2002-12-31,28,5464873213,5713020000,4386340000
AMGN,2001-12-31,19,4064424202,4292160000,3802400000
AMGN,2000-12-31,10,3714861937,3873960000,3516250000
AMGN,1999-12-31,12,3331534499,3366000000,3166080000
AMGN,1998-12-31,12,2617214039,2721360000,2311995000
AMGN,1997-12-31,7,2450433300,2595900000,2151945000
AMGN,1996-12-31,3,2266495000,2277660000,2166010000
APH,2024-12-31,5,10091970435,10495649253,9789211322
APH,2023-12-31,5,9506141262,9886386913,9220957025
APH,2022-12-31,8,9088633693,9727026000,7917140000
APH,2021-12-31,17,8784210041,9258336000,8129570000
APH,2020-12-31,17,8069294731,8192640000,7542720000
APH,2019-12-31,16,8185694382,8299740000,7704710000
APH,2018-12-31,14,8188593273,8283012000,7786878700
APH,2017-12-31,14,6968622488,7058298000,6633830000
APH,2016-12-31,13,6340707111,6384690000,6045525000
APH,2015-12-31,13,5571520826,5611530000,5306491700
APH,2014-12-31,16,5372251956,5422320000,5123493440
APH,2013-12-31,15,4604657191,4653240000,4391481000
APH,2012-12-31,13,4318149933,4349059680,4121627000
APH,2011-12-31,16,3988516869,4097340000,3796774000
APH,2010-12-31,13,3606057063,3640176000,3438068000
APH,2009-12-31,9,2840154222,2862834000,2703293000
APH,2008-12-31,11,3256646784,3280218000,3100120000
APH,2007-12-31,13,2869515969,2887416000,2739086000
APH,2006-12-31,13,2498130941,2517258000,2383290000
APH,2005-12-31,13,1796338545,1833960000,1688867000
APH,2004-12-31,14,1541388368,1553888400,1455000000
APH,2003-12-31,10,1233389653,1250520000,1164000000
APH,2002-12-31,9,1087108502,1122000000,1030140000
APH,2001-12-31,6,1118448800,1130568000,1065448000
APH,2000-12-31,2,1420999999,1428000000,1358000000
APH,1999-12-31,2,1021597499,1026630000,976305000
ADI,2024-12-31,6,7324561999,7617544479,7104825139
ADI,2023-12-31,6,6824603082,7097587205,6619864989
ADI,2022-12-31,9,6454151844,6629592000,5797690000
ADI,2021-12-31,24,6061854648,6258720000,5624642000
ADI,2020-12-31,24,5603484444,5648983380,5351258170
ADI,2019-12-31,25,6086583175,6135708000,5769385400
ADI,2018-12-31,25,6268008842,6315432000,5969380000
ADI,2017-12-31,25,5213010869,5295330000,4893650000
ADI,2016-12-31,26,3410656429,3444030000,3256290000
ADI,2015-12-31,29,3416832085,3438930000,3255708000
ADI,2014-12-31,29,2898016784,2921280000,2758680000
ADI,2013-12-31,27,2683808271,2703612000,2561770000
ADI,2012-12-31,27,2742984253,2768870580,2588697200
ADI,2011-12-31,24,3047931411,3083052000,2888660000
ADI,2010-12-31,23,2785572089,2811630000,2602510000
ADI,2009-12-31,20,1996457244,2017866000,1904401000
ADI,2008-12-31,20,2616520794,2646900000,2427037000
ADI,2007-12-31,22,2726571368,2791413600,2197758100
ADI,2006-12-31,24,2611542057,2651113620,2492221000
ADI,2005-12-31,25,2417660137,2432700000,2293080000
ADI,2004-12-31,25,2678009667,2696472000,2552749000
ADI,2003-12-31,21,2063401518,2085646020,1968130000
ADI,2002-12-31,16,1732320799,1746138000,1649766300
ADI,2001-12-31,13,2326474729,2346000000,2203355000
ADI,2000-12-31,9,2608452854,2633334000,2485140000
ADI,1999-12-31,8,1441923504,1459620000,1344420000
ADI,1998-12-31,5,1300912812,1394340000,1215167500
ADI,1997-12-31,3,1348376749,1438404000,1209299000
ADI,1996-12-31,3,1217137250,1228284000,1158277000
ANSS,2024-12-31,5,2488315435,2587848052,2413665972
ANSS,2023-12-31,5,2231528482,2320789621,2164582627
ANSS,2022-12-31,9,2031259817,2176788120,1825540000
ANSS,2021-12-31,15,1809792116,1911990000,1663550000
ANSS,2020-12-31,15,1633721751,1665252000,1531630000
ANSS,2019-12-31,16,1529360131,1546320000,1457328000
ANSS,2018-12-31,20,1267582749,1282140000,1203770000
ANSS,2017-12-31,18,1101070782,1109454000,1049540000
ANSS,2016-12-31,17,999851805,1009738800,950600000
ANSS,2015-12-31,16,964153940,971040000,918590000
ANSS,2014-12-31,14,949500578,958604160,903070000
ANSS,2013-12-31,13,880030750,886069920,840020000
ANSS,2012-12-31,13,812656613,820284000,770180000
ANSS,2011-12-31,15,705931951,715428000,666002000
ANSS,2010-12-31,14,583782325,588234000,554452000
ANSS,2009-12-31,14,522442921,526830000,497610000
ANSS,2008-12-31,12,504336244,512754000,479762000
ANSS,2007-12-31,10,382227938,388416000,363362000
ANSS,2006-12-31,8,279994855,282132000,266842150
ANSS,2005-12-31,6,158903324,160344000,151320000
ANSS,2004-12-31,7,134213449,137598000,126973000
ANSS,2003-12-31,8,115605120,117993600,107476000
ANSS,2002-12-31,5,93515329,94717200,88270000
ANSS,2001-12-31,3,86274999,86700000,82450000
ANSS,1999-12-31,3,64452499,64770000,61595000
ANSS,1998-12-31,3,60899999,61200000,58200000
ANTM,2024-12-31,12,155954501422,162192681479,151275866380
ANTM,2023-12-31,12,145579649095,151402835059,141212259622
ANTM,2022-12-31,16,137933407166,144120191100,127287765000
ANTM,2021-12-31,20,129178822396,137301794040,118764860000
ANTM,2020-12-31,21,120193115691,123460800000,113166408000
ANTM,2019-12-31,21,104663658666,105384360000,99809744680
ANTM,2018-12-31,20,93032804765,94415280000,88156510000
ANTM,2017-12-31,20,90092914978,91749112200,84151380000
ANTM,2016-12-31,19,84917291705,85750380000,80756380000
ANTM,2015-12-31,22,79499730819,80594280000,75625468000
ANTM,2014-12-31,23,74404201875,75501248640,70435580000
ANTM,2013-12-31,21,71727257724,72917578440,68101760000
ANTM,2012-12-31,23,61703079104,62848320000,58709444000
ANTM,2011-12-31,22,61073208613,62209494000,58070990000
ANTM,2010-12-31,23,58653751905,59814501360,55487880000
ANTM,2009-12-31,18,61867340340,62930695200,58630195000
ANTM,2008-12-31,18,62786875296,63817187400,59659559000
ANTM,2007-12-31,19,61161689472,62385240000,58080108000
ANTM,2006-12-31,19,57328936127,58600020000,54363747000
ANTM,2005-12-31,21,45600866541,47226000000,43095160000
ANTM,2004-12-31,17,20765114949,21386340000,18055968000
ANTM,2003-12-31,16,16864000248,17140080000,15945830000
ANTM,2002-12-31,14,12403510612,13499700000,10320994000
ANTM,2001-12-31,7,10539150999,11526000000,9730070000
AON,2024-12-31,5,12825965607,13339004232,12441186639
AON,2023-12-31,5,12311965969,12804444608,11942606990
AON,2022-12-31,8,11995843302,12593399400,11164700000
AON,2021-12-31,14,11453758364,11844352200,10708800000
AON,2020-12-31,14,11053960695,11284260000,10474060000
AON,2019-12-31,16,11153294471,11311494000,10617158280
AON,2018-12-31,19,10987345686,11141460000,10415860000
AON,2017-12-31,17,10072141887,10176132000,9513760000
AON,2016-12-31,17,11920456887,12364440000,11288860000
AON,2015-12-31,22,11948869021,12748980000,11244240000
AON,2014-12-31,22,12320680826,12745920000,11685590000
AON,2013-12-31,20,12043618621,12207412020,11457640000
AON,2012-12-31,17,11664333370,12020700000,11062850000
AON,2011-12-31,14,11447551020,11597094000,10734020000
AON,2010-12-31,11,8478735956,8665920000,7483365700
AON,2009-12-31,10,7611493119,7714260000,7215830000
AON,2008-12-31,8,7898365472,8050452000,7480640000
AON,2007-12-31,10,9531573695,10107779760,8850280000
AON,2006-12-31,12,9185210294,9775170000,8573626300
AON,2005-12-31,10,10119922170,10304040000,9603000000
AON,2004-12-31,7,10219899670,10320564000,9704850000
AON,2003-12-31,7,9886489079,9963360000,9356620000
AON,2002-12-31,8,9010317400,9125940000,8548610000
AON,2001-12-31,3,7826664999,7959060000,7390430000
AON,2000-12-31,3,7633307499,7733640000,7235230000
AON,1999-12-31,4,7000928670,7173048000,6596000000
AON,1998-12-31,2,6532032499,6564210000,6242435000
APA,2024-12-31,9,5213230328,5421759541,5056833418
APA,2023-12-31,9,4863868400,5058423136,4717952348
APA,2022-12-31,12,4605987561,5355408000,3464840000
APA,2021-12-31,21,4471504730,5424768000,3762630000
APA,2020-12-31,21,4015430253,4365429660,3486180000
APA,2019-12-31,20,6471710461,7176720000,6043100000
APA,2018-12-31,22,7531080759,7730580000,7102203230
APA,2017-12-31,22,6478372829,6709764000,6107508000
APA,2016-12-31,26,5488590829,5636999400,5005200000
APA,2015-12-31,23,6810444909,7046160000,6396956000
APA,2014-12-31,26,14193995419,15366300000,13223040000
APA,2013-12-31,25,16528876399,17517112800,15405734000
APA,2012-12-31,22,17218727909,17636820000,15951650000
APA,2011-12-31,18,17019648610,17494020000,15142670000
APA,2010-12-31,19,12381820448,13007040000,11658168100
APA,2009-12-31,17,8686226956,8868192120,7975340000
APA,2008-12-31,20,12884129859,13386786000,12091766830
APA,2007-12-31,22,9924943958,10407060000,8988020000
APA,2006-12-31,21,8422296637,8968452000,7810440000
APA,2005-12-31,17,7789678268,8141640000,7292460000
APA,2004-12-31,18,5416557893,5646516000,5002193000
APA,2003-12-31,25,4251860841,4364580000,3972150000
APA,2002-12-31,15,2551890944,2611914000,2377470000
APA,2001-12-31,6,2882189939,3068445600,2681080000
APA,2000-12-31,7,2312457072,2361881400,2106840000
APA,1999-12-31,6,1232616000,1295400000,1057591000
APA,1998-12-31,3,888984704,894540000,848453180
APA,1997-12-31,3,1171954525,1199795400,1099010000
AIV,2024-12-31,3,968932702,1007690010,939864721
AIV,2023-12-31,3,944048820,981810773,915727355
AIV,2022-12-31,6,933601059,973590000,854663120
AIV,2021-12-31,12,884248857,906678000,788357800
AIV,2020-12-31,12,886994289,899640000,839855100
AIV,2019-12-31,16,926808679,936464040,875822700
AIV,2018-12-31,15,975438050,992937360,896580700
AIV,2017-12-31,15,991585797,1026120000,881051000
AIV,2016-12-31,15,980583887,992768040,907282710
AIV,2015-12-31,17,974808933,1003680000,923983200
AIV,2014-12-31,13,981953295,1020259080,919356300
AIV,2013-12-31,14,1014422464,1050099180,960881980
AIV,2012-12-31,16,1078575428,1141104600,987003130
AIV,2011-12-31,16,1118165493,1155052080,994250000
AIV,2010-12-31,15,1175401871,1196160120,1103866790
AIV,2009-12-31,9,1297293829,1334458860,1191590680
AIV,2008-12-31,12,1541756833,1555833540,1457558860
AIV,2005-12-31,9,1552438186,1604460000,1455000000
AIV,2003-12-31,6,1568064872,1623024000,1454773020
AIV,2002-12-31,6,1455509999,1635774000,1067000000
AIV,2001-12-31,4,1521890999,1537140000,1441808000
AAPL,2024-09-30,16,383505378372,398845593507,372000217021
AAPL,2023-09-30,16,352147342092,366233235775,341582921829
AAPL,2022-09-30,20,328203654756,354144000000,280382164660
AAPL,2021-09-30,36,313189416410,338159580000,267283597000
AAPL,2020-09-30,36,277120441959,283884360000,254491140000
AAPL,2019-09-30,44,262927728901,265925220000,248963110000
AAPL,2018-09-30,42,267991734726,271422000000,248238520000
AAPL,2017-09-30,38,230778837664,234345000000,218213945100
AAPL,2016-09-30,47,218953263494,221419205040,207831230000
AAPL,2015-09-30,48,236787809981,239799960000,224616304000
AAPL,2014-09-30,50,183175223964,186558000000,173684611000
AAPL,2013-09-30,54,172926225868,176070360000,163904780000
AAPL,2012-09-30,55,158617772532,161753640000,147731000000
AAPL,2011-09-30,54,111092922700,113583120000,102326270000
AAPL,2010-09-30,51,64707011899,66711060000,60465920000
AAPL,2009-09-30,37,36408764011,37961340000,34347700000
AAPL,2008-09-30,32,33107085797,33611754000,31354668000
AAPL,2007-09-30,28,24240238201,24717660000,22784330000
AAPL,2006-09-30,25,19434102972,19685796000,18410213940
AAPL,2005-09-30,25,14202189067,14487060000,13378240000
AAPL,2004-09-30,20,8201404695,8425098000,7772610000
AAPL,2003-09-30,12,6245903999,6290340000,5953860000
AAPL,2002-09-30,22,5881135553,6354600000,5547430000
AAPL,2001-09-30,19,5589170001,6222000000,4985800000
AAPL,2000-09-30,15,8090666499,8173260000,7663000000
AAPL,1999-09-30,9,6364775004,6812580000,5915060000
AAPL,1998-09-30,7,6256256999,6643260000,5715240000
AAPL,1997-09-30,5,9178983329,10474380000,6868570000
AAPL,1996-09-30,5,10048161670,10159200000,9538980000
AMAT,2024-12-31,9,23682809260,24630121630,22972324982
AMAT,2023-12-31,9,21825792302,22698823995,21171018533
AMAT,2022-12-31,13,20416103616,22334226000,17036837500
AMAT,2021-12-31,26,18693488632,19602564000,17129230000
AMAT,2020-12-31,27,17340630515,17544000000,16133040000
AMAT,2019-12-31,25,14752743266,14841000000,14065000000
AMAT,2018-12-31,23,17508399002,17696796000,16701392100
AMAT,2017-12-31,21,14769188874,15576420000,13847720000
AMAT,2016-12-31,24,11000464003,11110860000,10480301950
AMAT,2015-12-31,22,9767291580,9905322000,8220750000
AMAT,2014-12-31,24,9205346605,9274860000,8764532000
AMAT,2013-12-31,22,7607926856,7671420000,7233387000
AMAT,2012-12-31,21,8789704328,9006600000,8351409000
AMAT,2011-12-31,24,10679820864,11273346000,10024950000
AMAT,2010-12-31,24,9406134645,9628800000,8917016000
AMAT,2009-12-31,27,4878406558,5000274600,4595096610
AMAT,2008-12-31,25,8144646808,8298312000,7619350000
AMAT,2007-12-31,27,9895687568,9996765000,9377777640
AMAT,2006-12-31,32,9343805191,9459174000,8874239000
AMAT,2005-12-31,32,7006599637,7208136000,6644985000
AMAT,2004-12-31,29,8216322748,8323200000,7672409000
AMAT,2003-12-31,25,4459555409,4564893720,4225223000
AMAT,2002-12-31,27,5151647968,5242800000,4711290000
AMAT,2001-12-31,23,7313787438,7487412000,6781270000
AMAT,2000-12-31,13,9710871526,9837135000,9155830000
AMAT,1999-12-31,13,4863363273,5424360000,4423200000
AMAT,1998-12-31,12,4080340599,4471680000,3332920000
AMAT,1997-12-31,7,4018019599,4155786000,3502670000
AMAT,1996-12-31,4,4261477499,4353360000,4005130000
APTV,2024-12-31,12,21557385324,22419680737,20910663765
APTV,2023-12-31,12,18600438832,19344456385,18042425667
APTV,2022-12-31,16,16289821995,17440633200,14614020000
APTV,2021-12-31,25,14654772492,15289350180,12968900000
APTV,2020-12-31,25,12147799459,12642348180,11293273500
APTV,2019-12-31,26,14531634428,14983800000,13695750100
APTV,2018-12-31,28,14538516686,14709420000,13808745400
APTV,2017-12-31,25,12926592232,13221444000,12232670000
APTV,2016-12-31,24,16760519130,16951380000,15956500000
APTV,2015-12-31,21,15309148199,15562650000,14514342800
APTV,2014-12-31,19,17379070961,17643960000,16491261000
APTV,2013-12-31,18,16620635149,16781652000,15781900000
APTV,2012-12-31,16,15746758212,15868435800,14964190000
APTV,2011-12-31,14,16260163066,16420674000,15448220000
ADM,2024-12-31,2,70615299726,73439911715,68496840734
ADM,2023-12-31,2,69215213899,71983822455,67138757482
ADM,2022-12-31,5,68860530812,71934194400,64166305100
ADM,2021-12-31,13,67632498126,70545297120,63040300000
ADM,2020-12-31,13,66157284692,68679660000,61422340000
ADM,2019-12-31,12,65915110290,68229462600,60065310000
ADM,2018-12-31,12,66218674369,67996813860,62676550000
ADM,2017-12-31,14,62534413818,64818002220,58752900000
ADM,2016-12-31,14,63238041487,64731240000,59309680000
ADM,2015-12-31,12,71377173374,73492734000,66182908910
ADM,2014-12-31,16,86543493758,97256325780,78799890000
ADM,2013-12-31,14,91966589621,94207781400,85059300000
ADM,2012-12-31,8,89436608477,91944254520,81613860000
