date,TSN,AMGN,VZ
2010-01-04,10.62,46.04,18.48
2010-01-05,10.82,45.64,18.25
2010-01-06,11.36,45.3,17.99
2010-01-07,11.56,44.89,17.88
2010-01-08,11.54,45.29,17.89
2010-01-11,11.38,45.48,17.97
2010-01-12,11.25,44.7,17.98
2010-01-13,11.54,45.09,17.96
2010-01-14,12.18,44.8,17.59
2010-01-15,12.05,44.87,17.23
2010-01-19,12.13,45.91,17.6
2010-01-20,12.06,45.63,17.31
2010-01-21,11.84,45.17,17.26
2010-01-22,11.94,45.15,17.1
2010-01-25,12.05,44.44,17.29
2010-01-26,12.13,45.13,17.0
2010-01-27,11.95,46.06,16.83
2010-01-28,11.96,46.33,16.53
2010-01-29,11.99,46.65,16.58
2010-02-01,12.13,46.84,16.69
2010-02-02,12.38,47.25,16.76
2010-02-03,12.45,47.12,16.45
2010-02-04,12.13,45.89,16.14
2010-02-05,12.71,46.01,16.2
2010-02-08,13.09,45.84,15.99
2010-02-09,13.37,45.64,16.2
2010-02-10,13.47,45.34,16.27
2010-02-11,13.84,45.07,16.37
2010-02-12,13.91,45.05,16.3
2010-02-16,14.26,45.46,16.45
2010-02-17,14.42,45.63,16.42
2010-02-18,14.66,45.68,16.43
2010-02-19,14.7,45.77,16.35
2010-02-22,14.43,45.55,16.34
2010-02-23,14.53,44.97,16.2
2010-02-24,14.46,45.26,16.32
2010-02-25,14.78,44.87,16.28
2010-02-26,14.81,45.16,16.3
2010-03-01,14.93,45.39,16.34
2010-03-02,15.17,45.37,16.49
2010-03-03,14.97,45.39,16.42
2010-03-04,15.21,45.29,16.5
2010-03-05,14.99,45.66,16.47
2010-03-08,15.32,45.96,16.7
2010-03-09,15.3,46.08,16.86
2010-03-10,15.22,46.09,16.77
2010-03-11,15.42,45.86,16.82
2010-03-12,15.25,45.81,16.76
2010-03-15,15.1,45.38,16.83
2010-03-16,15.35,45.8,16.87
2010-03-17,15.39,45.81,16.99
2010-03-18,15.35,46.51,17.08
2010-03-19,15.41,47.86,17.14
2010-03-22,15.75,47.93,17.27
2010-03-23,15.9,47.91,17.46
2010-03-24,16.03,47.12,17.17
2010-03-25,15.83,47.27,17.08
2010-03-26,16.26,47.39,17.12
2010-03-29,16.6,47.79,17.16
2010-03-30,16.67,47.93,17.6
2010-03-31,16.65,47.73,17.48
2010-04-01,16.95,48.5,17.63
2010-04-05,16.69,48.2,17.73
2010-04-06,16.5,48.09,17.58
2010-04-07,16.73,48.14,17.31
2010-04-08,16.94,48.28,17.26
2010-04-09,17.1,48.58,17.22
2010-04-12,17.39,48.16,17.14
2010-04-13,17.45,48.4,17.21
2010-04-14,17.62,48.77,17.09
2010-04-15,17.74,48.37,16.91
2010-04-16,17.28,48.44,16.93
2010-04-19,17.3,48.72,17.02
2010-04-20,17.45,48.01,17.04
2010-04-21,17.57,46.83,16.92
2010-04-22,17.67,46.39,16.76
2010-04-23,17.52,46.97,16.63
2010-04-26,17.74,46.61,16.57
2010-04-27,17.01,46.14,16.46
2010-04-28,17.12,46.41,16.67
2010-04-29,17.28,46.74,16.73
2010-04-30,17.03,45.72,16.54
2010-05-03,17.3,45.94,16.77
2010-05-04,16.97,45.33,16.46
2010-05-05,16.89,45.15,16.42
2010-05-06,16.15,43.67,16.03
2010-05-07,16.19,43.44,16.14
2010-05-10,15.86,44.34,16.38
2010-05-11,15.67,44.62,16.26
2010-05-12,15.76,45.15,16.43
2010-05-13,15.76,44.58,16.42
2010-05-14,15.39,43.63,16.32
2010-05-17,15.34,43.72,16.41
2010-05-18,15.48,43.61,16.27
2010-05-19,15.48,44.08,16.32
2010-05-20,14.75,42.23,15.89
2010-05-21,14.85,41.83,16.01
2010-05-24,14.76,42.01,15.74
2010-05-25,14.81,41.92,15.68
2010-05-26,14.55,40.17,15.42
2010-05-27,15.49,41.03,15.79
2010-05-28,15.32,41.3,15.75
2010-06-01,14.83,40.49,15.58
2010-06-02,15.26,44.74,15.79
2010-06-03,15.77,44.38,15.82
2010-06-04,15.25,43.35,15.58
2010-06-07,15.27,42.68,15.5
2010-06-08,15.32,42.93,15.84
2010-06-09,15.38,42.4,15.9
2010-06-10,15.8,43.08,16.22
2010-06-11,16.18,43.16,16.35
2010-06-14,16.05,43.13,16.39
2010-06-15,16.28,43.97,16.66
2010-06-16,16.03,44.05,16.7
2010-06-17,16.02,44.22,16.65
2010-06-18,15.96,44.03,16.67
2010-06-21,15.79,45.09,16.63
2010-06-22,15.42,44.77,16.63
2010-06-23,15.43,44.83,16.79
2010-06-24,15.57,44.79,16.58
2010-06-25,15.07,44.88,16.34
2010-06-28,15.03,44.2,16.43
2010-06-29,14.6,43.17,16.38
2010-06-30,14.28,41.96,16.04
2010-07-01,14.16,41.5,16.1
2010-07-02,14.32,41.24,16.4
2010-07-06,14.4,40.92,16.28
2010-07-07,14.73,41.0,16.52
2010-07-08,14.99,41.66,16.68
2010-07-09,15.28,41.93,16.6
2010-07-12,15.28,41.83,16.5
2010-07-13,15.46,42.09,16.75
2010-07-14,15.55,41.97,16.72
2010-07-15,15.5,42.21,16.69
2010-07-16,14.97,41.62,16.62
2010-07-19,15.28,42.75,16.64
2010-07-20,15.14,42.44,16.61
2010-07-21,15.06,41.68,16.52
2010-07-22,15.55,42.53,16.82
2010-07-23,15.62,42.08,17.45
2010-07-26,15.74,42.81,17.61
2010-07-27,15.57,43.48,17.81
2010-07-28,15.37,42.88,18.0
2010-07-29,15.12,42.57,17.99
2010-07-30,15.26,43.5,18.1
2010-08-02,15.46,43.77,18.41
2010-08-03,15.41,43.64,18.4
2010-08-04,15.31,44.48,18.31
2010-08-05,14.62,44.13,18.4
2010-08-06,14.94,44.62,18.4
2010-08-09,14.2,44.4,18.6
2010-08-10,14.01,44.45,18.7
2010-08-11,13.91,42.83,18.41
2010-08-12,13.93,43.67,18.88
2010-08-13,14.18,43.89,18.7
2010-08-16,14.53,43.14,18.66
2010-08-17,14.09,43.04,18.79
2010-08-18,14.35,43.19,18.78
2010-08-19,14.34,42.05,18.45
2010-08-20,14.48,41.75,18.29
2010-08-23,14.46,41.44,18.32
2010-08-24,14.12,40.73,18.35
2010-08-25,14.11,41.35,18.47
2010-08-26,14.29,40.63,18.37
2010-08-27,14.47,41.54,18.58
2010-08-30,14.33,41.19,18.34
2010-08-31,14.31,40.71,18.39
2010-09-01,14.49,41.95,18.85
2010-09-02,14.01,41.89,18.75
2010-09-03,14.16,42.21,18.81
2010-09-07,14.3,41.89,18.82
2010-09-08,14.63,42.23,18.97
2010-09-09,14.87,42.91,19.21
2010-09-10,14.71,43.35,19.19
2010-09-13,14.99,43.39,19.24
2010-09-14,14.81,43.49,19.25
2010-09-15,14.94,44.11,19.42
2010-09-16,14.87,43.95,19.57
2010-09-17,13.84,44.05,19.73
2010-09-20,14.18,44.62,19.99
2010-09-21,13.73,44.47,20.13
2010-09-22,13.52,44.89,20.17
2010-09-23,13.74,44.45,20.04
2010-09-24,13.67,44.93,20.33
2010-09-27,13.29,44.42,20.46
2010-09-28,13.34,44.67,20.38
2010-09-29,13.47,43.83,20.34
2010-09-30,13.99,43.96,20.3
2010-10-01,14.2,44.28,20.48
2010-10-04,13.78,43.91,20.57
2010-10-05,14.09,44.77,20.91
2010-10-06,14.01,44.54,21.08
2010-10-07,14.21,44.64,20.81
2010-10-08,13.11,44.98,20.75
2010-10-11,12.96,44.75,20.87
2010-10-12,12.96,44.62,20.56
2010-10-13,13.16,44.26,20.35
2010-10-14,13.37,43.76,20.5
2010-10-15,13.42,45.24,20.49
2010-10-18,13.69,46.23,20.59
2010-10-19,13.43,45.73,20.32
2010-10-20,13.48,46.05,20.63
2010-10-21,13.65,45.96,20.55
2010-10-22,13.65,45.91,20.28
2010-10-25,13.75,46.23,20.44
2010-10-26,13.8,45.68,20.54
2010-10-27,13.73,45.49,20.54
2010-10-28,13.58,45.68,20.48
2010-10-29,13.58,45.62,20.52
2010-11-01,13.56,45.81,20.47
2010-11-02,13.34,45.74,20.73
2010-11-03,13.43,45.71,20.85
2010-11-04,13.46,44.68,21.18
2010-11-05,13.19,44.21,21.12
2010-11-08,13.57,44.1,20.96
2010-11-09,13.13,43.82,20.86
2010-11-10,13.34,43.63,20.76
2010-11-11,13.1,43.57,20.62
2010-11-12,13.09,43.45,20.57
2010-11-15,13.11,43.48,20.71
2010-11-16,13.31,43.1,20.34
2010-11-17,13.42,42.97,20.44
2010-11-18,13.61,43.99,20.63
2010-11-19,13.66,43.87,20.59
2010-11-22,14.5,43.67,20.54
2010-11-23,14.14,42.76,20.47
2010-11-24,14.28,42.94,20.44
2010-11-26,14.13,42.72,20.35
2010-11-29,14.18,42.53,20.16
2010-11-30,13.86,42.03,20.23
2010-12-01,14.45,42.69,20.44
2010-12-02,14.75,42.95,20.69
2010-12-03,14.8,42.86,20.79
2010-12-06,14.82,42.6,20.78
2010-12-07,15.05,42.38,20.82
2010-12-08,14.99,42.5,20.84
2010-12-09,15.2,42.6,21.21
2010-12-10,15.53,42.99,21.51
2010-12-13,14.98,43.16,21.55
2010-12-14,15.01,45.28,21.91
2010-12-15,14.84,44.41,21.88
2010-12-16,15.31,45.17,21.96
2010-12-17,15.04,45.8,21.89
2010-12-20,15.13,45.99,21.95
2010-12-21,15.33,45.78,22.08
2010-12-22,15.46,45.43,22.23
2010-12-23,15.3,45.24,22.39
2010-12-27,15.26,45.02,22.43
2010-12-28,15.23,44.64,22.51
2010-12-29,15.31,44.57,22.48
2010-12-30,15.36,44.3,22.47
2010-12-31,15.08,43.79,22.61
2011-01-03,14.38,44.31,23.02
2011-01-04,14.23,45.27,23.48
2011-01-05,14.4,45.25,23.8
2011-01-06,14.5,45.11,23.2
2011-01-07,14.82,45.45,23.01
2011-01-10,14.82,45.02,23.0
2011-01-11,14.77,44.82,22.64
2011-01-12,14.74,45.35,22.71
2011-01-13,14.72,44.93,22.93
2011-01-14,14.89,45.07,22.71
2011-01-18,15.1,45.7,22.0
2011-01-19,14.75,45.45,22.16
2011-01-20,15.15,45.72,22.16
2011-01-21,15.11,45.44,22.38
2011-01-24,14.89,45.7,22.57
2011-01-25,14.68,45.6,22.92
2011-01-26,14.95,45.05,23.31
2011-01-27,14.72,45.05,23.37
2011-01-28,14.49,44.1,22.82
2011-01-31,14.4,43.94,22.81
2011-02-01,15.02,44.44,23.23
2011-02-02,14.96,44.38,23.16
2011-02-03,15.38,44.23,23.3
2011-02-04,16.25,44.03,23.25
2011-02-07,15.75,43.78,23.07
2011-02-08,16.44,43.83,23.27
2011-02-09,16.28,43.41,23.49
2011-02-10,16.15,43.29,23.32
2011-02-11,16.19,42.87,23.3
2011-02-14,15.99,42.96,22.99
2011-02-15,15.97,42.95,23.35
2011-02-16,16.23,42.24,23.16
2011-02-17,16.41,41.81,23.29
2011-02-18,16.31,41.67,23.45
2011-02-22,16.37,41.38,23.05
2011-02-23,16.18,40.74,22.93
2011-02-24,16.02,40.64,22.79
2011-02-25,16.56,41.69,23.04
2011-02-28,16.35,40.95,23.64
2011-03-01,16.21,41.41,23.07
2011-03-02,16.23,40.99,23.27
2011-03-03,16.44,41.78,23.28
2011-03-04,16.16,41.74,23.11
2011-03-07,16.15,41.27,23.06
2011-03-08,16.5,41.9,23.36
2011-03-09,17.21,41.86,23.47
2011-03-10,16.99,41.35,23.31
2011-03-11,17.1,42.7,22.96
2011-03-14,16.58,42.69,22.53
2011-03-15,16.59,42.28,22.33
2011-03-16,16.2,42.03,21.97
2011-03-17,16.23,42.72,22.63
2011-03-18,16.73,42.23,22.95
2011-03-21,16.76,42.35,23.35
2011-03-22,16.71,42.1,23.66
2011-03-23,16.67,42.03,23.68
2011-03-24,17.21,42.49,23.81
2011-03-25,17.39,42.4,23.88
2011-03-28,17.35,42.0,24.17
2011-03-29,17.2,42.62,24.52
2011-03-30,17.3,43.0,24.63
2011-03-31,16.84,42.64,24.68
2011-04-01,16.95,42.34,24.64
2011-04-04,16.69,43.1,24.73
2011-04-05,16.59,43.13,24.58
2011-04-06,16.94,43.1,24.55
2011-04-07,16.94,43.05,24.49
2011-04-08,16.94,43.0,24.47
2011-04-11,16.83,43.32,24.55
2011-04-12,17.11,43.57,24.42
2011-04-13,17.06,43.83,24.45
2011-04-14,17.02,43.74,24.46
2011-04-15,17.23,44.28,24.55
2011-04-18,17.09,44.05,24.2
2011-04-19,16.88,44.02,24.16
2011-04-20,17.01,44.81,24.51
2011-04-21,17.1,42.83,23.94
2011-04-25,16.88,43.63,23.99
2011-04-26,17.15,44.85,24.41
2011-04-27,17.29,45.33,24.81
2011-04-28,17.35,45.58,24.82
2011-04-29,17.46,45.35,24.51
2011-05-02,17.48,45.77,24.36
2011-05-03,17.36,45.87,24.52
2011-05-04,17.0,46.01,24.43
2011-05-05,16.87,45.8,24.08
2011-05-06,16.58,45.97,24.18
2011-05-09,15.58,46.02,24.16
2011-05-10,15.75,46.51,24.37
2011-05-11,15.8,46.95,24.17
2011-05-12,16.53,47.59,24.28
2011-05-13,16.26,48.24,24.17
2011-05-16,16.24,47.75,23.98
2011-05-17,16.29,48.57,24.07
2011-05-18,16.16,48.8,24.06
2011-05-19,16.29,48.69,24.21
2011-05-20,16.46,48.55,24.1
2011-05-23,16.36,48.23,23.9
2011-05-24,16.28,47.8,23.94
2011-05-25,16.06,47.73,23.61
2011-05-26,16.23,47.67,23.75
2011-05-27,16.3,47.34,23.79
2011-05-31,16.73,48.29,23.95
2011-06-01,16.62,47.62,23.53
2011-06-02,15.93,47.26,23.46
2011-06-03,15.62,46.82,23.11
2011-06-06,15.42,46.75,22.84
2011-06-07,15.33,46.93,22.95
2011-06-08,15.5,47.02,23.29
2011-06-09,15.36,46.97,23.14
2011-06-10,15.06,46.26,22.83
2011-06-13,15.5,46.58,23.11
2011-06-14,15.92,46.69,23.08
2011-06-15,15.47,46.18,22.78
2011-06-16,15.9,46.54,22.86
2011-06-17,15.99,46.27,23.03
2011-06-20,16.08,46.63,23.12
2011-06-21,16.2,46.4,23.34
2011-06-22,16.08,46.39,23.31
2011-06-23,16.48,46.21,23.38
2011-06-24,16.62,45.5,23.35
2011-06-27,16.66,46.17,23.61
2011-06-28,16.85,46.79,23.72
2011-06-29,17.01,46.09,23.82
2011-06-30,17.08,46.55,24.15
2011-07-01,17.17,46.49,24.52
2011-07-05,16.92,46.2,24.53
2011-07-06,16.92,46.03,24.67
2011-07-07,16.74,46.19,24.59
2011-07-08,16.4,45.98,24.63
2011-07-11,16.2,45.39,24.39
2011-07-12,16.38,45.39,24.37
2011-07-13,16.33,45.16,24.27
2011-07-14,16.23,44.42,24.23
2011-07-15,16.21,43.91,24.19
2011-07-18,15.97,43.6,24.12
2011-07-19,16.15,44.09,24.29
2011-07-20,16.09,43.87,24.53
2011-07-21,16.42,44.26,24.69
2011-07-22,16.05,44.05,24.14
2011-07-25,15.84,43.79,23.8
2011-07-26,15.96,43.63,23.84
2011-07-27,15.49,42.92,23.79
2011-07-28,15.4,42.62,23.43
2011-07-29,15.44,43.63,23.19
2011-08-01,15.38,42.89,23.57
2011-08-02,15.06,42.53,23.32
2011-08-03,15.22,42.53,23.63
2011-08-04,14.29,41.13,22.94
2011-08-05,14.34,41.58,23.03
2011-08-08,13.79,39.79,21.76
2011-08-09,14.7,40.32,22.53
2011-08-10,14.54,38.5,22.12
2011-08-11,14.91,39.6,22.75
2011-08-12,15.09,39.88,22.54
2011-08-15,15.52,41.16,23.03
2011-08-16,15.41,41.12,22.92
2011-08-17,15.44,41.48,23.4
2011-08-18,14.81,41.26,23.04
2011-08-19,14.62,41.69,22.81
2011-08-22,14.63,41.96,22.88
2011-08-23,15.1,43.01,23.63
2011-08-24,15.29,43.51,23.96
2011-08-25,14.88,42.87,23.5
2011-08-26,14.84,43.38,23.5
2011-08-29,15.41,43.94,23.75
2011-08-30,15.32,44.31,23.86
2011-08-31,15.4,44.44,23.76
2011-09-01,15.37,44.13,23.58
2011-09-02,15.06,43.39,23.37
2011-09-06,14.84,43.73,23.14
2011-09-07,15.14,44.42,23.4
2011-09-08,15.14,44.36,23.25
2011-09-09,14.73,43.35,23.16
2011-09-12,14.7,43.36,23.16
2011-09-13,14.92,44.04,23.33
2011-09-14,14.98,44.32,23.39
2011-09-15,15.41,45.12,23.78
2011-09-16,15.36,45.48,24.13
2011-09-19,15.2,45.34,23.84
2011-09-20,14.83,46.01,23.92
2011-09-21,14.47,44.95,23.55
2011-09-22,14.38,44.15,23.39
2011-09-23,14.49,44.19,23.58
2011-09-26,14.89,44.46,23.89
2011-09-27,15.24,45.33,24.24
2011-09-28,14.62,44.65,24.21
2011-09-29,15.08,44.74,24.41
2011-09-30,15.3,44.08,24.18
2011-10-03,14.7,43.23,23.88
2011-10-04,15.07,43.59,23.92
2011-10-05,15.2,44.86,23.83
2011-10-06,15.43,45.58,23.93
2011-10-07,15.31,45.13,24.09
2011-10-10,15.72,46.01,24.58
2011-10-11,15.82,45.79,24.32
2011-10-12,16.24,45.43,24.43
2011-10-13,16.1,45.7,24.66
2011-10-14,16.35,46.11,24.87
2011-10-17,15.93,45.27,24.61
2011-10-18,16.43,45.94,24.81
2011-10-19,16.32,45.97,24.68
2011-10-20,16.35,45.93,24.72
2011-10-21,16.57,46.99,24.93
2011-10-24,16.71,47.28,24.6
2011-10-25,16.45,45.29,24.11
2011-10-26,16.56,45.68,24.52
2011-10-27,17.03,46.57,25.09
2011-10-28,17.26,45.91,25.07
2011-10-31,17.01,45.93,24.64
2011-11-01,16.66,44.55,24.3
2011-11-02,16.79,43.95,24.52
2011-11-03,17.1,44.67,24.95
2011-11-04,17.04,44.25,24.76
2011-11-07,17.04,46.86,24.88
2011-11-08,17.33,46.52,25.0
2011-11-09,16.95,46.13,24.58
2011-11-10,16.95,46.49,24.87
2011-11-11,17.2,46.41,25.0
2011-11-14,17.5,45.98,24.65
2011-11-15,17.47,45.61,24.81
2011-11-16,17.36,45.15,24.42
2011-11-17,17.05,45.06,24.45
2011-11-18,17.14,44.79,24.29
2011-11-21,17.15,44.31,24.03
2011-11-22,17.06,44.86,24.11
2011-11-23,16.9,44.28,23.55
2011-11-25,16.97,44.05,23.55
2011-11-28,17.3,45.06,24.15
2011-11-29,17.38,45.25,24.4
2011-11-30,17.79,46.68,25.14
2011-12-01,17.96,46.75,25.16
2011-12-02,17.81,46.83,25.22
2011-12-05,17.96,46.35,25.35
2011-12-06,18.0,46.66,25.53
2011-12-07,17.94,47.02,25.52
2011-12-08,17.87,47.08,25.19
2011-12-09,18.13,47.22,25.6
2011-12-12,17.75,46.07,25.55
2011-12-13,17.85,46.29,25.49
2011-12-14,17.6,46.44,25.49
2011-12-15,18.13,47.25,25.6
2011-12-16,17.99,48.4,25.84
2011-12-19,17.84,48.49,25.74
2011-12-20,18.02,49.3,26.12
2011-12-21,18.44,50.89,26.14
2011-12-22,18.41,51.05,26.18
2011-12-23,18.47,51.34,26.64
2011-12-27,18.45,51.92,26.64
2011-12-28,18.38,51.59,26.49
2011-12-29,18.42,52.18,26.68
2011-12-30,18.23,51.75,26.73
2012-01-03,17.94,51.67,26.47
2012-01-04,17.99,51.39,26.12
2012-01-05,17.91,51.92,25.94
2012-01-06,17.95,52.2,25.87
2012-01-09,17.74,51.75,25.9
2012-01-10,17.96,52.93,26.03
2012-01-11,17.43,53.52,26.26
2012-01-12,17.63,54.44,26.27
2012-01-13,17.56,54.49,26.27
2012-01-17,17.28,54.87,26.34
2012-01-18,17.19,55.79,26.33
2012-01-19,17.22,55.73,26.32
2012-01-20,16.96,56.08,26.3
2012-01-23,16.93,54.63,25.92
2012-01-24,16.75,54.96,25.51
2012-01-25,16.64,55.78,25.44
2012-01-26,16.69,54.87,25.2
2012-01-27,16.6,55.08,25.11
2012-01-30,16.54,55.08,25.38
2012-01-31,16.46,54.75,25.42
2012-02-01,16.36,56.29,25.51
2012-02-02,16.45,56.12,25.35
2012-02-03,17.12,55.84,25.54
2012-02-06,16.91,55.71,25.74
2012-02-07,16.9,55.75,25.59
2012-02-08,16.83,54.86,25.59
2012-02-09,16.9,53.87,25.59
2012-02-10,16.71,54.29,25.44
2012-02-13,16.82,55.26,25.74
2012-02-14,16.71,54.97,25.67
2012-02-15,16.64,55.02,25.53
2012-02-16,16.89,55.82,25.68
2012-02-17,16.77,54.92,25.96
2012-02-21,16.6,54.04,25.98
2012-02-22,16.51,54.12,25.79
2012-02-23,16.66,54.56,25.74
2012-02-24,16.77,54.88,25.74
2012-02-27,16.9,54.65,25.74
2012-02-28,16.89,55.22,25.75
2012-02-29,16.74,55.11,25.72
2012-03-01,16.82,54.77,25.94
2012-03-02,17.2,54.88,26.1
2012-03-05,17.16,54.48,26.32
2012-03-06,16.98,53.92,26.11
2012-03-07,17.3,54.25,26.24
2012-03-08,17.39,54.94,26.47
2012-03-09,17.58,55.11,26.39
2012-03-12,17.41,55.12,26.54
2012-03-13,17.67,55.84,26.65
2012-03-14,17.39,55.31,26.64
2012-03-15,17.43,55.31,26.69
2012-03-16,17.58,54.6,26.71
2012-03-19,17.5,55.14,26.76
2012-03-20,17.37,54.76,26.75
2012-03-21,17.22,54.33,26.85
2012-03-22,17.19,53.98,26.77
2012-03-23,17.24,54.01,26.61
2012-03-26,17.24,54.71,26.55
2012-03-27,17.27,54.95,26.09
2012-03-28,17.21,54.84,25.82
2012-03-29,17.05,54.55,25.7
2012-03-30,16.95,55.07,25.8
2012-04-02,17.21,55.19,26.0
2012-04-03,16.86,55.04,25.96
2012-04-04,16.81,54.98,25.91
2012-04-05,16.64,55.12,25.76
2012-04-09,16.2,54.3,25.62
2012-04-10,16.15,53.63,25.17
2012-04-11,16.0,54.07,25.56
2012-04-12,16.02,54.22,25.68
2012-04-13,15.87,53.15,25.48
2012-04-16,15.83,53.69,25.6
2012-04-17,16.02,54.57,25.81
2012-04-18,15.96,54.41,25.76
2012-04-19,15.9,54.39,26.09
2012-04-20,15.98,55.48,26.49
2012-04-23,15.63,55.33,26.38
2012-04-24,15.87,55.61,27.01
2012-04-25,15.81,56.87,27.0
2012-04-26,16.16,57.36,27.45
2012-04-27,16.13,58.05,27.51
2012-04-30,16.15,57.62,27.62
2012-05-01,16.24,57.28,27.74
2012-05-02,16.22,57.67,27.77
2012-05-03,16.14,57.46,27.79
2012-05-04,15.97,56.53,27.53
2012-05-07,16.49,56.4,27.72
2012-05-08,17.03,57.29,27.73
2012-05-09,17.26,56.41,27.53
2012-05-10,17.29,56.79,27.73
2012-05-11,17.33,57.35,28.15
2012-05-14,17.18,57.17,27.96
2012-05-15,17.06,57.56,28.07
2012-05-16,17.24,57.81,27.96
2012-05-17,17.0,57.45,28.29
2012-05-18,16.92,56.32,28.4
2012-05-21,16.92,56.46,28.27
2012-05-22,17.14,56.12,28.31
2012-05-23,16.94,55.69,28.23
2012-05-24,16.85,56.28,28.31
2012-05-25,17.1,56.24,28.35
2012-05-29,17.22,56.42,28.55
2012-05-30,17.11,56.68,28.33
2012-05-31,17.18,56.62,28.48
2012-06-01,16.57,55.18,28.06
2012-06-04,16.49,55.95,28.27
2012-06-05,16.47,55.74,28.18
2012-06-06,16.73,56.99,28.57
2012-06-07,16.74,56.28,28.48
2012-06-08,16.9,56.09,29.02
2012-06-11,16.71,55.21,29.11
2012-06-12,16.77,55.89,29.37
2012-06-13,16.65,56.05,29.4
2012-06-14,16.61,57.35,29.92
2012-06-15,16.64,58.06,29.78
2012-06-18,16.89,58.66,29.97
2012-06-19,17.0,59.47,29.91
2012-06-20,17.21,59.28,29.61
2012-06-21,16.74,58.35,29.63
2012-06-22,16.79,59.01,30.06
2012-06-25,16.48,58.14,29.85
2012-06-26,16.48,58.2,29.98
2012-06-27,16.4,58.94,29.94
2012-06-28,16.29,58.17,30.07
2012-06-29,16.7,59.38,30.39
2012-07-02,16.46,60.56,30.73
2012-07-03,16.35,61.21,30.74
2012-07-05,15.77,60.54,30.7
2012-07-06,15.6,60.15,30.72
2012-07-09,15.16,60.92,30.94
2012-07-10,15.14,61.03,30.91
2012-07-11,15.13,61.97,31.05
2012-07-12,14.42,61.74,30.89
2012-07-13,14.32,62.68,31.27
2012-07-16,13.86,62.93,31.31
2012-07-17,13.7,64.14,31.58
2012-07-18,13.9,64.85,31.74
2012-07-19,13.62,64.86,30.8
2012-07-20,13.38,63.34,30.77
2012-07-23,13.24,63.14,30.67
2012-07-24,13.11,62.2,30.27
2012-07-25,13.02,63.49,30.24
2012-07-26,13.03,64.58,30.75
2012-07-27,13.37,68.35,31.05
2012-07-30,13.21,67.97,31.09
2012-07-31,13.31,67.27,31.22
2012-08-01,13.41,66.64,31.27
2012-08-02,13.44,66.0,30.86
2012-08-03,13.66,66.95,30.75
2012-08-06,12.57,67.13,30.91
2012-08-07,13.1,66.43,30.76
2012-08-08,14.16,66.27,30.56
2012-08-09,14.03,66.76,30.67
2012-08-10,14.23,67.38,30.85
2012-08-13,13.86,66.97,30.62
2012-08-14,13.94,68.33,30.66
2012-08-15,13.9,68.42,30.56
2012-08-16,13.53,67.97,30.51
2012-08-17,13.71,68.2,30.47
2012-08-20,13.56,68.09,30.22
2012-08-21,13.59,67.98,29.66
2012-08-22,13.42,68.6,29.48
2012-08-23,13.43,68.43,29.22
2012-08-24,13.44,69.19,29.86
2012-08-27,13.25,69.06,29.57
2012-08-28,13.85,68.72,29.51
2012-08-29,13.91,68.48,29.8
2012-08-30,13.75,68.01,29.58
2012-08-31,13.92,68.64,29.7
2012-09-04,14.13,68.98,30.22
2012-09-05,13.84,68.77,30.29
2012-09-06,14.0,69.37,30.53
2012-09-07,13.96,68.67,30.24
2012-09-10,14.16,68.75,30.47
2012-09-11,14.34,68.66,30.6
2012-09-12,14.42,68.01,31.05
2012-09-13,14.54,68.16,31.52
2012-09-14,14.64,66.55,30.8
2012-09-17,14.42,67.15,30.83
2012-09-18,14.6,67.1,31.06
2012-09-19,14.73,66.83,31.31
2012-09-20,14.72,67.32,31.46
2012-09-21,14.62,67.1,31.56
2012-09-24,14.52,67.82,31.59
2012-09-25,14.16,68.55,31.55
2012-09-26,14.44,68.26,31.53
2012-09-27,14.55,68.9,31.65
2012-09-28,14.24,68.94,31.52
2012-10-01,14.86,69.59,31.68
2012-10-02,14.71,70.63,31.72
2012-10-03,14.53,71.0,32.01
2012-10-04,14.62,70.66,32.69
2012-10-05,14.56,71.11,32.9
2012-10-08,14.48,70.38,32.56
2012-10-09,14.5,69.88,32.24
2012-10-10,14.28,69.24,32.01
2012-10-11,14.32,69.21,31.6
2012-10-12,14.24,68.71,31.2
2012-10-15,14.34,70.52,31.11
2012-10-16,14.49,72.01,30.82
2012-10-17,14.66,72.96,31.27
2012-10-18,14.78,73.44,32.01
2012-10-19,14.62,71.29,31.57
2012-10-22,14.78,71.82,31.3
2012-10-23,14.35,71.42,30.81
2012-10-24,14.58,71.57,30.92
2012-10-25,14.56,72.02,30.94
2012-10-26,14.71,71.68,31.27
2012-10-31,14.95,70.74,31.21
2012-11-01,15.28,71.33,31.56
2012-11-02,15.23,70.71,31.13
2012-11-05,15.18,70.63,30.9
2012-11-06,15.35,71.4,30.97
2012-11-07,15.13,69.8,30.2
2012-11-08,14.86,69.31,29.79
2012-11-09,14.95,69.66,29.81
2012-11-12,15.04,69.95,29.76
2012-11-13,15.21,70.45,29.74
2012-11-14,14.88,69.01,29.53
2012-11-15,14.9,69.12,29.16
2012-11-16,15.01,69.44,28.95
2012-11-19,16.65,70.15,29.93
2012-11-20,16.96,71.11,29.94
2012-11-21,16.89,71.17,30.18
2012-11-23,17.12,71.95,30.6
2012-11-26,17.21,71.69,30.27
2012-11-27,16.99,71.44,30.05
2012-11-28,17.1,71.49,30.46
2012-11-29,17.2,72.78,30.77
2012-11-30,17.18,72.94,30.85
2012-12-03,17.22,72.61,30.83
2012-12-04,17.28,72.55,30.53
2012-12-05,17.56,73.11,30.83
2012-12-06,17.64,72.72,31.08
2012-12-07,17.59,72.54,31.05
2012-12-10,17.53,73.71,30.78
2012-12-11,17.66,73.88,31.07
2012-12-12,17.66,74.06,31.32
2012-12-13,17.56,73.23,31.13
2012-12-14,17.61,73.27,30.91
2012-12-17,17.65,73.51,30.85
2012-12-18,17.74,73.34,30.67
2012-12-19,17.56,72.68,30.33
2012-12-20,17.65,72.62,30.63
2012-12-21,17.45,71.59,30.46
2012-12-24,17.55,71.79,30.44
2012-12-26,17.29,71.37,30.38
2012-12-27,17.36,70.76,30.4
2012-12-28,17.19,70.01,29.99
2012-12-31,17.39,70.8,30.25
2013-01-02,17.91,73.23,30.95
2013-01-03,18.24,72.77,30.81
2013-01-04,18.23,73.09,30.97
2013-01-07,18.12,72.72,31.25
2013-01-08,18.21,72.4,30.49
2013-01-09,18.17,72.83,30.42
2013-01-10,18.07,72.13,30.84
2013-01-11,18.21,71.43,30.64
2013-01-14,18.33,71.39,30.13
2013-01-15,18.29,69.88,29.69
2013-01-16,18.34,69.26,29.37
2013-01-17,19.03,68.95,29.81
2013-01-18,19.58,67.42,30.1
2013-01-22,19.85,68.41,30.38
2013-01-23,19.96,68.23,30.28
2013-01-24,19.98,67.86,30.13
2013-01-25,20.11,68.52,30.19
2013-01-28,19.95,70.3,30.26
2013-01-29,20.16,71.12,30.78
2013-01-30,19.9,70.13,30.86
2013-01-31,19.82,70.19,30.86
2013-02-01,20.43,70.88,31.53
2013-02-04,20.46,70.42,31.5
2013-02-05,20.67,71.07,31.53
2013-02-06,20.96,71.12,31.66
2013-02-07,21.3,70.0,31.46
2013-02-08,21.31,71.27,31.38
2013-02-11,21.19,70.14,31.36
2013-02-12,21.07,69.82,31.44
2013-02-13,21.38,70.15,31.5
2013-02-14,21.71,69.97,31.36
2013-02-15,21.52,69.06,31.41
2013-02-19,21.62,69.49,31.49
2013-02-20,21.11,69.91,31.78
2013-02-21,20.97,70.31,31.92
2013-02-22,21.33,71.71,32.12
2013-02-25,20.84,73.96,32.35
2013-02-26,20.07,73.9,32.63
2013-02-27,20.24,75.18,32.79
2013-02-28,20.36,75.61,32.92
2013-03-01,20.82,76.46,33.06
2013-03-04,20.85,76.59,33.33
2013-03-05,20.95,77.17,33.74
2013-03-06,21.17,77.03,33.45
2013-03-07,21.35,76.77,33.59
2013-03-08,21.56,76.81,33.93
2013-03-11,21.37,75.52,33.83
2013-03-12,21.43,75.78,34.22
2013-03-13,21.74,75.61,33.92
2013-03-14,21.88,76.13,34.3
2013-03-15,21.92,75.83,33.98
2013-03-18,21.81,74.66,34.49
2013-03-19,21.71,76.32,34.63
2013-03-20,21.63,77.68,34.39
2013-03-21,21.51,77.89,34.53
2013-03-22,21.67,79.75,34.68
2013-03-25,21.59,79.96,34.78
2013-03-26,21.74,81.49,35.01
2013-03-27,21.72,82.72,34.63
2013-03-28,22.29,84.67,34.78
2013-04-01,22.14,84.5,34.82
2013-04-02,22.23,87.88,35.02
2013-04-03,21.97,86.57,34.66
2013-04-04,22.18,87.45,34.88
2013-04-05,21.58,85.93,35.07
2013-04-08,21.35,86.8,35.34
2013-04-09,21.27,86.14,35.29
2013-04-10,21.19,89.41,35.64
2013-04-11,21.33,89.38,36.11
2013-04-12,21.45,92.15,36.36
2013-04-15,20.89,89.6,36.2
2013-04-16,21.26,91.55,36.07
2013-04-17,21.14,90.39,35.42
2013-04-18,21.21,88.75,36.4
2013-04-19,21.63,91.99,37.35
2013-04-22,21.78,93.68,37.31
2013-04-23,22.12,93.13,37.4
2013-04-24,22.29,86.66,37.03
2013-04-25,22.35,89.74,38.05
2013-04-26,22.2,89.51,38.34
2013-04-29,22.0,88.1,38.22
2013-04-30,22.12,86.07,38.54
2013-05-01,21.89,86.34,37.46
2013-05-02,22.1,87.21,37.55
2013-05-03,22.39,87.94,37.66
2013-05-06,21.65,86.58,37.21
2013-05-07,22.09,86.28,37.83
2013-05-08,22.46,86.78,37.97
2013-05-09,22.35,86.36,37.68
2013-05-10,22.23,88.14,37.81
2013-05-13,22.09,88.28,37.57
2013-05-14,22.39,89.54,38.01
2013-05-15,22.48,89.11,38.32
2013-05-16,22.35,87.07,38.03
2013-05-17,22.41,87.62,38.14
2013-05-20,22.24,84.76,37.7
2013-05-21,22.69,86.47,37.22
2013-05-22,22.73,86.71,36.8
2013-05-23,22.38,87.61,37.1
2013-05-24,22.34,87.85,36.74
2013-05-28,22.33,88.09,36.33
2013-05-29,22.82,86.59,35.44
2013-05-30,22.94,87.28,35.09
2013-05-31,22.5,83.39,34.66
2013-06-03,22.35,82.23,34.79
2013-06-04,22.68,80.7,34.92
2013-06-05,22.26,78.47,34.53
2013-06-06,22.33,80.87,35.72
2013-06-07,22.54,81.96,35.92
2013-06-10,22.9,81.55,36.12
2013-06-11,22.95,81.23,35.87
2013-06-12,22.88,79.94,35.67
2013-06-13,23.14,81.72,36.2
2013-06-14,23.0,80.81,36.51
2013-06-17,23.08,82.19,36.25
2013-06-18,23.29,84.2,36.85
2013-06-19,22.98,82.27,35.78
2013-06-20,22.7,79.87,35.0
2013-06-21,22.67,81.53,35.4
2013-06-24,22.47,79.75,35.12
2013-06-25,22.53,79.95,36.06
2013-06-26,22.62,82.62,36.22
2013-06-27,22.71,82.11,36.46
2013-06-28,23.11,81.84,35.99
2013-07-01,23.44,80.87,36.0
2013-07-02,23.7,79.68,36.2
2013-07-03,23.43,79.48,36.47
2013-07-05,23.69,80.99,36.67
2013-07-08,23.91,81.44,36.95
2013-07-09,23.69,81.57,36.8
2013-07-10,24.09,84.66,36.49
2013-07-11,24.31,85.66,36.98
2013-07-12,24.47,86.49,36.4
2013-07-15,24.72,86.64,36.08
2013-07-16,24.48,86.31,36.31
2013-07-17,24.32,86.53,36.64
2013-07-18,24.25,86.91,36.08
2013-07-19,24.36,90.74,36.07
2013-07-22,24.34,90.38,36.3
2013-07-23,24.43,88.44,36.36
2013-07-24,24.36,88.43,36.38
2013-07-25,24.39,90.84,36.62
2013-07-26,24.43,90.92,36.84
2013-07-29,24.33,90.72,37.18
2013-07-30,24.58,92.24,36.41
2013-07-31,24.86,89.83,35.73
2013-08-01,25.61,90.74,36.11
2013-08-02,25.66,90.47,36.29
2013-08-05,26.72,89.12,36.26
2013-08-06,27.64,87.28,36.17
2013-08-07,27.54,93.24,36.05
2013-08-08,27.69,91.56,35.83
2013-08-09,28.22,90.94,35.61
2013-08-12,28.13,89.76,35.85
2013-08-13,28.64,89.47,35.49
2013-08-14,28.62,88.85,35.3
2013-08-15,28.32,88.12,35.05
2013-08-16,28.29,87.41,34.45
2013-08-19,28.49,87.04,34.3
2013-08-20,28.64,87.98,34.6
2013-08-21,28.37,87.19,34.13
2013-08-22,28.26,88.56,33.95
2013-08-23,28.33,87.98,34.38
2013-08-26,26.25,94.77,33.9
2013-08-27,26.21,90.92,33.9
2013-08-28,25.65,90.98,33.62
2013-08-29,26.06,90.7,34.53
2013-08-30,26.1,90.77,34.21
2013-09-03,26.0,92.49,33.22
2013-09-04,26.61,94.17,33.78
2013-09-05,26.83,94.09,33.68
2013-09-06,26.59,92.49,33.46
2013-09-09,26.91,93.04,33.15
2013-09-10,26.91,92.62,33.56
2013-09-11,27.12,93.29,33.59
2013-09-12,27.23,94.53,34.19
2013-09-13,27.27,95.87,34.49
2013-09-16,27.32,97.63,34.88
2013-09-17,27.29,96.42,35.07
2013-09-18,27.43,97.92,35.18
2013-09-19,27.42,97.63,35.03
2013-09-20,27.33,97.36,34.5
2013-09-23,26.93,95.86,34.65
2013-09-24,26.48,95.63,34.13
2013-09-25,25.85,93.72,33.9
2013-09-26,25.73,94.02,34.42
2013-09-27,25.78,94.31,33.94
2013-09-30,25.49,93.25,33.7
2013-10-01,25.69,95.47,33.93
2013-10-02,25.57,94.2,33.79
2013-10-03,25.45,92.58,33.95
2013-10-04,26.0,94.07,34.01
2013-10-07,25.9,91.83,34.15
2013-10-08,25.51,89.78,33.64
2013-10-09,25.87,88.55,33.74
2013-10-10,26.41,91.58,34.23
2013-10-11,26.83,92.39,34.39
2013-10-14,26.46,92.97,34.19
2013-10-15,26.37,92.85,33.83
2013-10-16,26.65,95.22,34.51
2013-10-17,26.84,96.52,35.72
2013-10-18,25.65,95.75,36.53
2013-10-21,25.41,94.68,36.94
2013-10-22,26.04,96.82,37.35
2013-10-23,25.82,96.37,37.12
2013-10-24,25.54,96.81,36.83
2013-10-25,25.37,96.91,37.04
2013-10-28,25.63,98.59,36.94
2013-10-29,25.73,98.54,37.32
2013-10-30,25.03,97.38,36.91
2013-10-31,24.94,96.76,36.89
2013-11-01,24.98,98.89,36.88
2013-11-04,24.85,97.71,37.31
2013-11-05,25.11,95.93,36.59
2013-11-06,25.23,94.42,36.97
2013-11-07,24.85,92.51,36.64
2013-11-08,25.24,94.32,36.67
2013-11-11,25.17,94.29,36.49
2013-11-12,25.3,94.3,36.64
2013-11-13,25.72,94.98,36.51
2013-11-14,25.81,96.56,36.72
2013-11-15,25.94,96.2,36.75
2013-11-18,26.52,97.08,37.08
2013-11-19,27.75,96.6,37.09
2013-11-20,27.87,96.68,36.81
2013-11-21,28.31,93.91,36.8
2013-11-22,28.69,94.57,36.68
2013-11-25,28.47,95.34,36.53
2013-11-26,28.64,95.1,36.56
2013-11-27,28.6,95.23,36.47
2013-11-29,28.64,95.45,36.24
2013-12-02,28.88,95.77,35.98
2013-12-03,29.68,94.92,36.23
2013-12-04,30.15,94.6,36.06
2013-12-05,29.74,94.83,35.72
2013-12-06,30.56,95.48,36.14
2013-12-09,30.53,95.36,36.21
2013-12-10,30.7,95.46,35.83
2013-12-11,30.66,94.58,35.42
2013-12-12,30.35,94.18,35.15
2013-12-13,29.92,93.84,34.94
2013-12-16,30.35,93.81,35.25
2013-12-17,29.96,92.87,34.74
2013-12-18,30.63,94.32,35.4
2013-12-19,30.58,94.21,35.37
2013-12-20,30.01,95.4,35.12
2013-12-23,30.13,94.71,35.48
2013-12-24,30.22,93.91,35.78
2013-12-26,30.09,95.68,35.92
2013-12-27,30.24,96.32,35.91
2013-12-30,30.34,96.62,35.9
2013-12-31,30.24,95.45,35.89
2014-01-02,29.97,96.88,35.79
2014-01-03,30.2,95.77,35.37
2014-01-06,30.0,94.94,35.56
2014-01-07,30.1,97.41,36.01
2014-01-08,30.65,96.95,35.81
2014-01-09,31.27,99.47,35.07
2014-01-10,31.48,98.72,35.26
2014-01-13,30.63,97.39,34.73
2014-01-14,31.15,98.49,34.76
2014-01-15,31.43,99.15,35.64
2014-01-16,31.66,99.59,35.83
2014-01-17,31.66,99.69,35.7
2014-01-21,31.62,99.77,35.22
2014-01-22,32.15,104.05,34.95
2014-01-23,32.04,103.41,35.34
2014-01-24,31.42,99.8,35.17
2014-01-27,31.31,99.16,35.21
2014-01-28,31.32,100.98,34.97
2014-01-29,31.08,99.7,35.21
2014-01-30,31.17,101.14,35.17
2014-01-31,33.8,99.52,35.46
2014-02-03,32.55,97.68,34.27
2014-02-04,32.05,96.87,34.57
2014-02-05,32.16,96.27,34.48
2014-02-06,32.26,97.11,34.47
2014-02-07,32.61,99.48,34.56
2014-02-10,32.98,100.65,34.64
2014-02-11,33.22,101.95,34.86
2014-02-12,33.34,102.76,34.98
2014-02-13,33.86,104.39,34.93
2014-02-14,34.09,104.13,34.34
2014-02-18,34.65,105.06,33.95
2014-02-19,34.6,103.72,34.36
2014-02-20,35.4,103.84,35.53
2014-02-21,35.16,104.14,34.9
2014-02-24,35.12,105.77,34.14
2014-02-25,35.18,104.57,34.18
2014-02-26,35.41,102.47,34.22
2014-02-27,35.23,103.49,35.07
2014-02-28,35.72,104.28,35.13
2014-03-03,35.14,104.01,34.93
2014-03-04,35.85,105.95,35.37
2014-03-05,36.6,106.11,34.98
2014-03-06,36.37,104.43,35.04
2014-03-07,36.46,102.8,34.81
2014-03-10,36.39,105.44,34.73
2014-03-11,35.98,104.49,34.48
2014-03-12,36.64,105.93,34.23
2014-03-13,36.64,104.23,33.99
2014-03-14,37.55,103.04,34.02
2014-03-17,37.73,104.15,34.19
2014-03-18,38.32,107.18,34.48
2014-03-19,37.94,106.44,34.23
2014-03-20,38.29,106.83,34.86
2014-03-21,38.36,103.37,34.64
2014-03-24,38.36,101.98,34.71
2014-03-25,38.42,101.43,34.87
2014-03-26,38.81,101.0,34.71
2014-03-27,38.81,102.83,35.21
2014-03-28,39.07,101.37,35.01
2014-03-31,39.85,103.71,35.13
2014-04-01,39.34,106.01,35.26
2014-04-02,37.52,105.93,35.31
2014-04-03,38.02,104.38,35.53
2014-04-04,37.32,100.15,35.47
2014-04-07,37.14,99.91,35.53
2014-04-08,37.65,99.2,35.99
2014-04-09,38.29,100.9,35.82
2014-04-10,37.41,95.95,35.44
2014-04-11,37.73,94.13,35.14
2014-04-14,38.37,95.29,35.29
2014-04-15,38.42,96.7,35.03
2014-04-16,38.7,97.15,35.16
2014-04-17,38.61,97.09,35.53
2014-04-21,38.96,98.4,35.82
2014-04-22,39.11,100.31,35.77
2014-04-23,39.16,95.28,35.41
2014-04-24,38.48,95.62,34.55
2014-04-25,38.42,93.68,34.29
2014-04-28,38.5,93.74,34.79
2014-04-29,37.84,94.09,34.91
2014-04-30,38.0,93.97,34.88
2014-05-01,38.4,94.82,35.25
2014-05-02,38.61,94.53,35.18
2014-05-05,34.8,95.17,35.38
2014-05-06,34.63,94.41,35.44
2014-05-07,35.52,94.82,35.91
2014-05-08,35.45,93.15,36.2
2014-05-09,35.7,93.74,36.19
2014-05-12,36.06,93.95,35.95
2014-05-13,36.31,93.69,35.72
2014-05-14,36.35,94.75,35.84
2014-05-15,36.76,93.25,35.8
2014-05-16,37.03,94.64,36.63
2014-05-19,37.09,94.76,36.69
2014-05-20,36.79,94.88,36.32
2014-05-21,36.02,95.95,36.71
2014-05-22,35.43,97.11,36.91
2014-05-23,35.96,96.66,37.13
2014-05-27,37.61,97.98,37.04
2014-05-28,36.96,97.8,37.13
2014-05-29,39.23,98.08,37.12
2014-05-30,38.51,98.07,37.3
2014-06-02,39.37,98.46,37.36
2014-06-03,38.17,99.02,36.8
2014-06-04,37.58,100.74,36.69
2014-06-05,37.1,99.55,36.79
2014-06-06,36.39,99.62,36.89
2014-06-09,34.01,98.41,37.0
2014-06-10,32.72,99.01,36.97
2014-06-11,32.74,98.36,36.85
2014-06-12,31.9,98.25,36.61
2014-06-13,34.28,98.1,36.71
2014-06-16,31.88,98.21,36.81
2014-06-17,32.17,98.22,36.74
2014-06-18,32.69,99.34,36.89
2014-06-19,32.63,99.64,36.93
2014-06-20,33.05,102.28,36.87
2014-06-23,32.9,100.72,37.12
2014-06-24,32.68,100.44,36.79
2014-06-25,33.0,100.97,36.88
2014-06-26,33.59,100.73,36.74
2014-06-27,33.96,100.27,36.82
2014-06-30,34.05,100.08,36.53
2014-07-01,34.35,101.72,36.85
2014-07-02,35.34,102.33,37.07
2014-07-03,34.93,103.87,37.11
2014-07-07,35.39,101.59,37.14
2014-07-08,35.59,101.42,36.8
2014-07-09,35.2,101.1,36.9
2014-07-10,35.49,100.57,37.46
2014-07-11,35.99,101.26,37.97
2014-07-14,36.15,100.6,38.13
2014-07-15,35.61,98.8,38.27
2014-07-16,35.58,99.52,38.46
2014-07-17,35.43,97.56,37.97
2014-07-18,35.81,100.02,38.3
2014-07-21,35.16,100.64,38.26
2014-07-22,35.86,102.4,38.47
2014-07-23,35.64,103.16,38.42
2014-07-24,36.07,103.37,38.52
2014-07-25,35.86,103.86,38.7
2014-07-28,36.79,103.7,38.92
2014-07-29,35.53,104.26,39.22
2014-07-30,34.65,109.92,39.06
2014-07-31,33.75,107.71,38.05
2014-08-01,33.61,106.15,37.6
2014-08-04,33.78,108.77,37.89
2014-08-05,33.32,108.12,37.47
2014-08-06,33.68,107.45,37.07
2014-08-07,33.01,106.32,36.71
2014-08-08,33.44,107.33,36.75
2014-08-11,33.84,107.65,36.73
2014-08-12,33.9,107.32,36.86
2014-08-13,34.16,108.18,36.92
2014-08-14,34.1,112.02,36.98
2014-08-15,33.91,112.82,36.83
2014-08-18,33.85,113.18,36.81
2014-08-19,34.07,113.01,36.75
2014-08-20,33.94,112.72,36.84
2014-08-21,33.97,112.59,36.88
2014-08-22,33.58,112.84,36.7
2014-08-25,33.98,114.51,37.09
2014-08-26,33.76,116.62,37.16
2014-08-27,34.27,117.1,37.3
2014-08-28,34.57,117.83,37.29
2014-08-29,34.59,118.41,37.6
2014-09-02,34.87,117.21,37.56
2014-09-03,34.35,117.73,37.64
2014-09-04,33.98,117.25,37.52
2014-09-05,34.44,117.14,37.69
2014-09-08,34.83,118.32,37.38
2014-09-09,34.75,116.72,36.9
2014-09-10,35.28,118.25,36.79
2014-09-11,35.27,118.06,36.98
2014-09-12,34.77,117.15,36.52
2014-09-15,34.81,117.22,36.64
2014-09-16,35.52,118.37,36.95
2014-09-17,34.93,119.54,37.13
2014-09-18,35.25,120.66,37.5
2014-09-19,35.0,122.35,38.0
2014-09-22,34.42,120.79,37.87
2014-09-23,33.84,119.52,37.66
2014-09-24,34.75,120.84,37.78
2014-09-25,34.34,118.81,37.44
2014-09-26,34.3,119.84,37.56
2014-09-29,35.31,119.0,37.54
2014-09-30,35.78,119.33,37.72
2014-10-01,36.34,117.94,37.3
2014-10-02,37.11,116.56,37.2
2014-10-03,37.9,118.22,37.51
2014-10-06,37.74,116.91,37.79
2014-10-07,37.31,115.57,37.49
2014-10-08,37.74,119.0,38.05
2014-10-09,37.23,116.88,37.33
2014-10-10,36.74,116.72,37.34
2014-10-13,35.75,113.47,36.9
2014-10-14,35.92,112.31,36.79
2014-10-15,35.31,111.21,36.56
2014-10-16,33.74,110.83,36.37
2014-10-17,34.14,113.58,36.67
2014-10-20,34.85,116.82,36.99
2014-10-21,35.45,122.41,37.15
2014-10-22,35.04,122.03,36.86
2014-10-23,34.83,125.1,36.79
2014-10-24,35.21,125.11,37.21
2014-10-27,35.26,125.91,37.7
2014-10-28,35.77,133.54,38.12
2014-10-29,35.41,134.98,38.02
2014-10-30,36.01,137.27,38.07
2014-10-31,36.67,137.78,38.34
2014-11-03,37.11,137.26,38.44
2014-11-04,37.29,136.28,38.4
2014-11-05,37.68,135.03,38.41
2014-11-06,37.74,136.23,38.36
2014-11-07,37.36,136.14,38.8
2014-11-10,37.03,139.07,38.7
2014-11-11,36.94,138.5,38.61
2014-11-12,36.24,138.09,38.77
2014-11-13,37.43,137.16,39.06
2014-11-14,36.95,134.46,39.29
2014-11-17,39.11,135.71,39.22
2014-11-18,38.76,138.35,39.08
2014-11-19,39.24,138.69,38.52
2014-11-20,38.68,138.73,38.29
2014-11-21,38.41,138.84,38.31
2014-11-24,37.49,140.0,37.77
2014-11-25,37.64,138.35,37.64
2014-11-26,38.33,140.46,38.18
2014-11-28,38.57,140.97,38.6
2014-12-01,37.63,141.91,38.17
2014-12-02,37.53,144.35,37.47
2014-12-03,37.81,143.32,37.22
2014-12-04,37.08,142.03,37.22
2014-12-05,37.94,144.32,37.09
2014-12-08,37.63,146.37,37.31
2014-12-09,37.53,144.45,35.8
2014-12-10,37.0,141.04,35.23
2014-12-11,38.02,141.62,35.37
2014-12-12,37.17,140.3,34.77
2014-12-15,37.55,136.1,34.65
2014-12-16,36.07,135.96,34.74
2014-12-17,35.95,139.41,35.43
2014-12-18,36.19,143.67,35.9
2014-12-19,36.64,145.11,35.87
2014-12-22,37.34,140.3,36.25
2014-12-23,37.56,134.32,36.37
2014-12-24,36.74,137.01,36.37
2014-12-26,36.6,139.39,36.51
2014-12-29,36.65,138.87,36.28
2014-12-30,36.83,136.98,36.11
2014-12-31,36.52,135.83,35.69
2015-01-02,36.39,136.35,35.83
2015-01-05,35.56,134.73,35.53
2015-01-06,35.77,130.39,35.89
2015-01-07,36.2,134.94,35.66
2015-01-08,37.53,134.45,36.42
2015-01-09,36.76,132.8,36.1
2015-01-12,35.62,133.22,36.35
2015-01-13,35.39,132.3,36.42
2015-01-14,36.3,132.31,36.26
2015-01-15,36.52,129.55,36.36
2015-01-16,36.77,135.1,37.05
2015-01-20,36.72,134.39,37.2
2015-01-21,37.09,134.21,37.25
2015-01-22,37.44,136.07,36.9
2015-01-23,37.6,136.28,36.4
2015-01-26,37.63,136.21,36.25
2015-01-27,37.41,135.49,35.78
2015-01-28,36.6,131.87,35.55
2015-01-29,36.63,133.34,35.6
2015-01-30,35.57,129.84,35.29
2015-02-02,36.05,130.04,36.27
2015-02-03,35.41,129.81,36.93
2015-02-04,35.76,129.15,36.9
2015-02-05,36.46,130.78,36.95
2015-02-06,36.22,129.11,38.08
2015-02-09,36.23,127.92,37.9
2015-02-10,37.09,130.78,38.22
2015-02-11,36.65,131.24,38.45
2015-02-12,37.16,131.3,38.23
2015-02-13,37.08,131.56,38.07
2015-02-17,37.01,132.21,37.97
2015-02-18,37.46,133.53,37.78
2015-02-19,37.66,133.76,37.76
2015-02-20,37.96,135.14,37.81
2015-02-23,37.78,135.79,37.65
2015-02-24,37.81,134.89,38.0
2015-02-25,37.72,135.5,37.98
2015-02-26,37.32,136.26,38.11
2015-02-27,37.72,135.19,38.18
2015-03-02,38.51,136.83,38.19
2015-03-03,38.71,135.91,38.25
2015-03-04,37.81,136.45,37.88
2015-03-05,37.04,136.8,37.77
2015-03-06,37.13,132.76,37.28
2015-03-09,36.93,132.87,37.23
2015-03-10,36.33,131.64,36.68
2015-03-11,34.29,130.89,36.81
2015-03-12,34.3,132.22,37.62
2015-03-13,34.17,132.23,37.71
2015-03-16,34.78,139.74,38.04
2015-03-17,35.35,139.78,37.79
2015-03-18,36.16,142.75,38.25
2015-03-19,36.37,144.96,38.06
2015-03-20,36.73,145.8,38.26
2015-03-23,36.35,142.75,38.32
2015-03-24,35.34,142.3,38.15
2015-03-25,34.98,137.68,37.62
2015-03-26,34.85,137.62,37.38
2015-03-27,34.85,139.37,37.49
2015-03-30,35.16,140.84,37.92
2015-03-31,34.98,137.02,37.54
2015-04-01,35.07,134.66,37.77
2015-04-02,35.28,133.61,38.19
2015-04-06,35.53,133.1,38.32
2015-04-07,35.67,134.81,38.04
2015-04-08,35.3,137.43,38.35
2015-04-09,35.31,138.42,38.26
2015-04-10,35.96,140.04,38.42
2015-04-13,35.82,139.28,38.28
2015-04-14,36.44,139.35,38.39
2015-04-15,36.15,141.83,38.56
2015-04-16,35.92,143.03,38.46
2015-04-17,35.64,140.21,38.17
2015-04-20,35.15,142.26,38.55
2015-04-21,34.8,144.4,38.39
2015-04-22,34.87,144.95,38.7
2015-04-23,34.97,145.01,39.07
2015-04-24,35.3,143.93,39.06
2015-04-27,35.52,139.19,39.1
2015-04-28,35.9,139.28,39.46
2015-04-29,35.81,137.99,39.4
2015-04-30,36.07,135.35,39.38
2015-05-01,36.98,137.45,39.35
2015-05-04,37.52,138.95,39.44
2015-05-05,37.14,136.67,39.1
2015-05-06,36.85,136.25,38.75
2015-05-07,36.88,135.35,38.82
2015-05-08,37.68,139.15,39.14
2015-05-11,37.78,138.05,38.88
2015-05-12,37.37,136.31,38.74
2015-05-13,37.55,136.44,38.82
2015-05-14,38.1,139.54,39.01
2015-05-15,38.46,139.86,38.87
2015-05-18,38.53,140.79,38.72
2015-05-19,39.23,140.9,38.68
2015-05-20,39.65,141.26,38.79
2015-05-21,39.72,141.14,38.96
2015-05-22,39.22,140.91,38.73
2015-05-26,39.4,136.98,38.58
2015-05-27,39.02,138.21,38.7
2015-05-28,38.77,135.55,38.67
2015-05-29,38.86,134.61,38.6
2015-06-01,38.65,135.27,38.42
2015-06-02,38.69,134.76,38.36
2015-06-03,38.23,135.36,38.32
2015-06-04,37.86,136.19,37.55
2015-06-05,37.48,135.46,36.87
2015-06-08,37.28,134.79,37.03
2015-06-09,37.68,133.35,36.96
2015-06-10,37.9,134.0,37.06
2015-06-11,37.82,136.07,37.28
2015-06-12,38.07,134.49,36.89
2015-06-15,38.13,134.47,36.69
2015-06-16,38.36,134.58,37.02
2015-06-17,38.64,134.08,36.9
2015-06-18,38.73,137.93,37.29
2015-06-19,39.38,138.45,37.05
2015-06-22,39.57,139.74,37.11
2015-06-23,40.33,139.29,37.29
2015-06-24,41.2,137.74,36.92
2015-06-25,40.87,136.76,37.03
2015-06-26,39.91,136.13,37.18
2015-06-29,39.32,130.59,36.51
2015-06-30,39.02,132.25,36.39
2015-07-01,39.32,133.52,36.69
2015-07-02,39.3,132.02,36.85
2015-07-06,38.97,133.09,36.72
2015-07-07,39.45,133.86,36.89
2015-07-08,39.01,131.21,36.79
2015-07-09,39.06,130.35,36.54
2015-07-10,39.34,132.75,37.12
2015-07-13,40.02,134.18,37.28
2015-07-14,40.3,137.25,37.45
2015-07-15,39.76,138.22,37.39
2015-07-16,39.77,140.45,37.78
2015-07-17,39.31,140.65,37.59
2015-07-20,39.19,141.57,37.99
2015-07-21,38.94,141.02,37.1
2015-07-22,39.48,141.49,36.69
2015-07-23,39.48,141.36,36.61
2015-07-24,39.26,136.62,36.37
2015-07-27,39.06,142.6,36.2
2015-07-28,39.71,148.81,36.25
2015-07-29,40.11,147.71,36.78
2015-07-30,40.62,147.9,36.86
2015-07-31,40.6,152.12,36.96
2015-08-03,36.58,151.26,37.1
2015-08-04,38.06,150.58,36.86
2015-08-05,37.9,151.99,36.84
2015-08-06,38.51,146.15,36.83
2015-08-07,38.31,148.44,36.62
2015-08-10,39.22,146.96,37.31
2015-08-11,38.4,145.2,37.6
2015-08-12,38.7,146.98,37.8
2015-08-13,38.72,145.9,37.65
2015-08-14,38.9,145.16,37.51
2015-08-17,39.22,146.95,37.54
2015-08-18,39.24,145.16,37.49
2015-08-19,39.53,144.16,37.47
2015-08-20,39.77,139.47,37.03
2015-08-21,38.14,134.31,36.41
2015-08-24,36.77,127.78,35.34
2015-08-25,36.39,125.66,34.36
2015-08-26,37.36,133.27,35.67
2015-08-27,38.76,134.77,36.48
2015-08-28,39.1,134.92,36.39
2015-08-31,38.79,131.36,36.34
2015-09-01,37.99,127.62,35.47
2015-09-02,38.54,131.8,35.82
2015-09-03,39.17,129.16,36.11
2015-09-04,38.65,127.24,35.4
2015-09-08,39.24,133.77,36.24
2015-09-09,38.99,130.76,35.85
2015-09-10,39.32,132.54,35.91
2015-09-11,39.79,132.6,36.12
2015-09-14,39.73,130.69,36.06
2015-09-15,40.12,131.67,36.63
2015-09-16,40.02,130.84,36.48
2015-09-17,40.08,133.21,35.73
2015-09-18,39.35,130.33,35.21
2015-09-21,39.14,127.3,35.39
2015-09-22,38.44,126.3,35.09
2015-09-23,38.67,126.12,34.74
2015-09-24,39.43,124.21,34.83
2015-09-25,39.77,119.89,34.93
2015-09-28,38.38,114.45,34.55
2015-09-29,38.37,115.82,34.38
2015-09-30,39.54,119.59,34.37
2015-10-01,40.07,121.37,33.93
2015-10-02,40.73,123.3,33.84
2015-10-05,41.21,124.46,34.76
2015-10-06,40.9,122.22,34.8
2015-10-07,40.94,128.13,35.08
2015-10-08,42.2,129.74,35.39
2015-10-09,42.51,129.47,35.33
2015-10-12,43.17,132.44,35.44
2015-10-13,41.7,127.73,35.49
2015-10-14,40.64,127.93,35.19
2015-10-15,40.31,132.02,35.74
2015-10-16,41.56,132.08,35.76
2015-10-19,42.37,133.69,35.76
2015-10-20,42.29,130.21,36.19
2015-10-21,42.42,129.9,35.89
2015-10-22,43.29,131.82,36.71
2015-10-23,43.53,134.8,36.93
2015-10-26,41.38,137.25,37.09
2015-10-27,41.1,140.19,36.94
2015-10-28,41.26,140.79,37.19
2015-10-29,40.23,138.98,37.12
2015-10-30,40.7,136.9,37.51
2015-11-02,41.09,140.48,37.43
2015-11-03,41.6,140.61,37.16
2015-11-04,41.43,140.1,36.91
2015-11-05,41.84,139.53,36.96
2015-11-06,41.75,138.87,36.63
2015-11-09,41.33,138.16,36.24
2015-11-10,41.51,137.07,36.08
2015-11-11,41.11,135.76,36.26
2015-11-12,40.01,131.35,35.87
2015-11-13,39.54,131.85,35.39
2015-11-16,40.55,134.42,36.03
2015-11-17,40.32,137.11,36.07
2015-11-18,41.38,140.0,36.31
2015-11-19,40.79,138.76,36.61
2015-11-20,40.05,139.12,36.31
2015-11-23,44.12,141.35,35.99
2015-11-24,45.04,141.62,36.15
2015-11-25,45.74,142.64,35.94
2015-11-27,46.52,142.26,36.19
2015-11-30,46.01,140.16,36.36
2015-12-01,46.61,140.92,36.47
2015-12-02,46.55,139.65,35.94
2015-12-03,47.37,134.55,35.65
2015-12-04,47.89,140.45,36.57
2015-12-07,47.67,137.72,36.85
2015-12-08,48.41,138.64,36.56
2015-12-09,48.78,137.37,36.29
2015-12-10,49.15,138.91,36.26
2015-12-11,48.33,134.98,35.86
2015-12-14,48.51,137.56,36.36
2015-12-15,49.65,141.48,36.44
2015-12-16,49.55,143.19,37.21
2015-12-17,48.66,140.45,36.88
2015-12-18,48.36,138.16,36.45
2015-12-21,48.93,138.58,36.72
2015-12-22,49.32,141.2,37.07
2015-12-23,49.51,141.57,37.56
2015-12-24,49.64,142.29,37.37
2015-12-28,49.26,140.71,37.4
2015-12-29,49.6,143.06,37.77
2015-12-30,49.49,142.06,37.42
2015-12-31,49.08,141.23,36.98
2016-01-04,48.74,137.76,36.7
2016-01-05,48.13,137.61,37.2
2016-01-06,48.09,136.35,36.87
2016-01-07,48.01,133.09,36.67
2016-01-08,48.13,131.11,36.31
2016-01-11,48.51,128.49,36.52
2016-01-12,49.31,131.19,36.39
2016-01-13,48.88,126.55,35.76
2016-01-14,48.69,133.25,36.34
2016-01-15,47.38,131.63,35.99
2016-01-19,45.72,131.63,36.34
2016-01-20,45.98,134.87,35.98
2016-01-21,46.94,132.92,37.15
2016-01-22,47.13,135.79,38.1
2016-01-25,47.2,133.49,38.09
2016-01-26,48.31,133.79,39.08
2016-01-27,47.72,130.91,39.71
2016-01-28,48.4,129.07,39.7
2016-01-29,49.1,132.88,40.48
2016-02-01,49.98,132.89,41.12
2016-02-02,48.77,130.6,40.43
2016-02-03,48.7,131.1,41.0
2016-02-04,47.81,130.42,40.85
2016-02-05,52.55,126.19,41.29
2016-02-08,55.36,124.41,41.1
2016-02-09,56.0,124.55,40.62
2016-02-10,56.67,125.99,40.48
2016-02-11,55.26,123.94,40.01
2016-02-12,55.37,126.8,40.59
2016-02-16,56.88,128.93,40.69
2016-02-17,57.43,132.36,40.76
2016-02-18,57.94,130.81,41.26
2016-02-19,57.95,131.53,41.2
2016-02-22,58.99,130.16,41.37
2016-02-23,59.62,129.02,41.01
2016-02-24,60.17,128.89,41.16
2016-02-25,61.19,128.58,41.4
2016-02-26,60.11,129.32,41.33
2016-02-29,59.72,124.66,41.09
2016-03-01,60.49,130.01,41.68
2016-03-02,60.68,129.22,42.22
2016-03-03,60.89,127.78,42.03
2016-03-04,59.92,127.9,41.97
2016-03-07,60.59,129.07,42.29
2016-03-08,60.36,126.72,42.49
2016-03-09,60.95,123.45,42.4
2016-03-10,61.47,123.56,42.38
2016-03-11,62.43,126.67,42.55
2016-03-14,62.0,126.71,42.56
2016-03-15,61.48,125.47,42.66
2016-03-16,61.84,126.15,43.1
2016-03-17,61.99,126.28,43.44
2016-03-18,61.96,127.49,43.12
2016-03-21,61.58,128.8,43.29
2016-03-22,61.51,131.97,43.1
2016-03-23,62.2,130.34,42.86
2016-03-24,61.7,130.76,43.38
2016-03-28,62.24,130.0,43.25
2016-03-29,62.44,130.98,43.78
2016-03-30,62.31,130.97,43.77
2016-03-31,61.48,131.36,43.8
2016-04-01,62.8,135.07,43.75
2016-04-04,62.51,135.51,44.08
2016-04-05,62.2,134.01,43.81
2016-04-06,62.76,139.89,43.81
2016-04-07,62.57,137.89,42.56
2016-04-08,62.82,137.08,42.71
2016-04-11,62.2,137.02,42.25
2016-04-12,63.06,138.96,42.52
2016-04-13,60.53,140.24,41.98
2016-04-14,59.64,140.29,42.04
2016-04-15,60.26,140.3,42.03
2016-04-18,60.68,141.67,42.34
2016-04-19,60.25,142.03,42.63
2016-04-20,58.73,142.6,42.36
2016-04-21,58.05,144.0,40.95
2016-04-22,58.17,142.98,41.38
2016-04-25,59.1,143.22,41.55
2016-04-26,59.66,142.68,41.29
2016-04-27,60.26,141.06,42.31
2016-04-28,60.43,140.68,41.76
2016-04-29,60.71,138.7,41.7
2016-05-02,61.49,139.3,42.01
2016-05-03,61.21,136.99,41.48
2016-05-04,61.51,135.09,41.61
2016-05-05,61.23,135.15,41.61
2016-05-06,62.03,134.22,41.84
2016-05-09,62.94,136.16,41.81
2016-05-10,63.89,137.77,42.19
2016-05-11,63.16,135.09,41.87
2016-05-12,63.32,133.96,42.13
2016-05-13,63.41,134.36,41.7
2016-05-16,63.04,135.17,41.93
2016-05-17,61.34,132.38,41.66
2016-05-18,60.5,133.02,41.25
2016-05-19,59.97,131.11,40.62
2016-05-20,59.69,132.45,40.65
2016-05-23,59.93,131.67,40.22
2016-05-24,60.05,134.69,40.58
2016-05-25,59.75,137.2,40.8
2016-05-26,60.08,137.18,41.06
2016-05-27,60.16,138.23,41.43
2016-05-31,58.96,139.3,41.66
2016-06-01,59.45,139.39,41.28
2016-06-02,57.87,140.99,41.56
2016-06-03,58.44,140.39,41.68
2016-06-06,56.28,141.27,41.51
2016-06-07,56.25,140.13,42.36
2016-06-08,55.25,139.34,42.17
2016-06-09,56.65,138.27,42.52
2016-06-10,56.0,136.5,43.11
2016-06-13,55.4,135.0,43.03
2016-06-14,55.74,134.92,43.37
2016-06-15,55.8,133.96,43.25
2016-06-16,56.85,134.31,43.76
2016-06-17,56.6,131.95,44.02
2016-06-20,56.66,132.86,44.01
2016-06-21,57.48,131.78,44.28
2016-06-22,57.95,132.12,44.23
2016-06-23,58.58,134.29,44.75
2016-06-24,58.77,129.16,44.55
2016-06-27,60.31,127.51,44.81
2016-06-28,59.35,130.89,44.87
2016-06-29,59.38,132.37,45.07
2016-06-30,61.75,134.18,45.71
2016-07-01,61.03,136.06,46.03
2016-07-05,61.65,136.05,46.27
2016-07-06,62.55,137.62,46.51
2016-07-07,62.55,138.1,45.79
2016-07-08,63.72,142.08,46.22
2016-07-11,63.3,141.26,46.24
2016-07-12,63.47,142.83,45.86
2016-07-13,63.98,141.56,46.3
2016-07-14,64.58,143.52,46.17
2016-07-15,64.32,144.0,46.17
2016-07-18,64.61,143.69,46.24
2016-07-19,65.71,143.3,46.05
2016-07-20,65.33,143.97,45.98
2016-07-21,65.76,144.8,45.78
2016-07-22,66.92,146.11,46.38
2016-07-25,67.77,146.89,46.19
2016-07-26,67.3,147.87,45.32
2016-07-27,66.71,150.52,45.74
2016-07-28,67.53,151.05,45.36
2016-07-29,68.04,151.71,45.81
2016-08-01,68.67,153.59,45.06
2016-08-02,67.93,153.58,44.65
2016-08-03,67.46,152.95,44.56
2016-08-04,68.0,152.28,44.59
2016-08-05,68.08,153.15,44.35
2016-08-08,68.48,151.99,44.31
2016-08-09,68.85,151.76,44.36
2016-08-10,69.0,151.01,44.49
2016-08-11,68.94,152.07,44.53
2016-08-12,69.68,152.59,44.36
2016-08-15,69.42,154.85,44.32
2016-08-16,68.64,152.7,43.62
2016-08-17,68.76,154.61,43.96
2016-08-18,69.36,155.0,43.71
2016-08-19,69.23,153.99,43.36
2016-08-22,69.89,154.64,43.45
2016-08-23,69.54,154.69,43.51
2016-08-24,69.34,151.53,43.43
2016-08-25,69.77,150.99,43.61
2016-08-26,69.42,152.53,43.05
2016-08-29,70.29,152.12,43.41
2016-08-30,69.87,151.46,43.22
2016-08-31,70.0,150.84,43.26
2016-09-01,69.92,150.9,43.45
2016-09-02,70.81,150.58,43.72
2016-09-06,70.47,151.53,44.24
2016-09-07,69.73,151.34,44.41
2016-09-08,69.2,151.64,44.31
2016-09-09,66.94,147.72,42.84
2016-09-12,68.39,152.59,43.46
2016-09-13,67.96,150.16,42.54
2016-09-14,67.71,150.91,42.57
2016-09-15,68.18,153.13,42.98
2016-09-16,67.85,153.41,42.89
2016-09-19,68.76,152.01,42.33
2016-09-20,69.07,153.78,42.39
2016-09-21,70.11,154.2,42.88
2016-09-22,71.1,155.77,43.28
2016-09-23,70.64,155.04,43.45
2016-09-26,70.29,153.91,43.12
2016-09-27,70.14,152.23,43.4
2016-09-28,70.42,150.53,43.04
2016-09-29,69.32,146.75,43.09
2016-09-30,69.17,147.95,42.98
2016-10-03,69.57,148.42,42.89
2016-10-04,68.24,148.61,42.38
2016-10-05,68.33,148.34,42.04
2016-10-06,68.9,148.03,42.03
2016-10-07,62.76,148.57,41.75
2016-10-10,65.31,149.28,41.97
2016-10-11,66.12,145.75,41.73
2016-10-12,66.29,145.36,42.06
2016-10-13,66.72,145.72,42.06
2016-10-14,66.31,143.6,42.05
2016-10-17,66.28,144.24,42.17
2016-10-18,66.29,144.4,42.04
2016-10-19,65.28,142.87,42.13
2016-10-20,64.67,143.24,41.09
2016-10-21,64.42,140.59,40.31
2016-10-24,64.69,140.81,40.32
2016-10-25,63.95,140.05,40.01
2016-10-26,63.61,141.02,39.83
2016-10-27,63.83,142.42,40.59
2016-10-28,64.6,128.77,40.32
2016-10-31,65.63,125.2,40.22
2016-11-01,65.85,124.85,39.86
2016-11-02,65.13,123.02,39.25
2016-11-03,64.81,119.93,39.2
2016-11-04,62.23,120.09,39.37
2016-11-07,64.28,123.47,39.69
2016-11-08,65.12,122.8,39.85
2016-11-09,64.4,129.87,40.02
2016-11-10,61.36,134.44,39.05
2016-11-11,61.64,132.19,39.05
2016-11-14,63.43,130.76,38.62
2016-11-15,63.73,131.33,39.61
2016-11-16,63.93,131.48,40.08
2016-11-17,61.79,131.6,40.01
2016-11-18,62.4,129.69,40.2
2016-11-21,53.36,129.98,40.4
2016-11-22,54.62,128.89,41.39
2016-11-23,54.34,129.51,42.01
2016-11-25,55.26,129.87,42.37
2016-11-28,54.04,129.55,42.75
2016-11-29,54.82,130.38,42.62
2016-11-30,52.83,128.66,41.73
2016-12-01,52.23,127.16,41.7
2016-12-02,53.05,128.6,41.65
2016-12-05,53.25,129.75,41.6
2016-12-06,53.36,129.59,42.11
2016-12-07,54.69,126.09,42.97
2016-12-08,57.27,125.55,42.76
2016-12-09,57.58,128.1,43.06
2016-12-12,57.79,130.17,43.29
2016-12-13,58.34,132.5,43.79
2016-12-14,57.78,132.78,43.18
2016-12-15,58.02,134.3,43.33
2016-12-16,58.06,133.39,43.71
2016-12-19,57.96,131.93,44.25
2016-12-20,57.56,131.47,44.42
2016-12-21,57.62,130.53,44.3
2016-12-22,57.41,130.7,44.87
2016-12-23,58.16,131.77,44.89
2016-12-27,58.06,132.49,44.86
2016-12-28,57.33,131.87,44.69
2016-12-29,57.79,131.97,44.94
2016-12-30,57.35,130.57,44.64
2017-01-03,58.19,134.6,45.64
2017-01-04,59.02,136.52,45.59
2017-01-05,59.32,136.61,45.69
2017-01-06,58.88,140.01,45.02
2017-01-09,58.26,141.85,44.53
2017-01-10,56.92,141.78,44.6
2017-01-11,57.15,139.86,44.35
2017-01-12,57.36,138.74,44.53
2017-01-13,57.64,139.42,44.42
2017-01-17,57.95,138.24,44.58
2017-01-18,58.34,139.11,44.17
2017-01-19,57.97,137.35,44.26
2017-01-20,58.18,138.12,44.57
2017-01-23,57.42,136.38,44.3
2017-01-24,57.99,135.6,42.37
2017-01-25,58.24,137.61,42.07
2017-01-26,57.38,136.61,41.52
2017-01-27,58.37,140.35,41.93
2017-01-30,58.18,137.91,41.73
2017-01-31,58.39,139.92,41.43
2017-02-01,59.79,142.59,40.91
2017-02-02,60.61,142.51,40.81
2017-02-03,60.8,149.61,41.07
2017-02-06,58.7,148.76,40.6
2017-02-07,60.12,148.97,40.61
2017-02-08,60.49,150.13,40.89
2017-02-09,60.8,149.55,41.26
2017-02-10,60.5,149.93,41.4
2017-02-13,60.72,150.75,41.04
2017-02-14,60.44,151.1,40.8
2017-02-15,60.75,154.46,40.64
2017-02-16,60.35,154.75,40.96
2017-02-17,60.68,155.81,41.58
2017-02-21,58.87,155.68,41.78
2017-02-22,58.79,155.2,41.99
2017-02-23,58.41,156.46,42.53
2017-02-24,58.28,156.95,42.77
2017-02-27,58.2,158.37,42.22
2017-02-28,58.38,158.73,41.95
2017-03-01,59.91,160.26,42.11
2017-03-02,58.89,160.11,42.25
2017-03-03,59.35,162.03,42.34
2017-03-06,57.85,161.36,42.29
2017-03-07,57.76,159.49,41.79
2017-03-08,57.78,159.85,41.56
2017-03-09,58.13,160.87,41.66
2017-03-10,59.31,163.14,41.72
2017-03-13,59.35,162.79,41.82
2017-03-14,58.48,161.95,41.73
2017-03-15,58.89,164.18,42.38
2017-03-16,57.86,161.94,42.3
2017-03-17,57.71,151.6,42.6
2017-03-20,58.2,152.17,42.47
2017-03-21,58.1,150.02,42.4
2017-03-22,58.53,150.56,42.02
2017-03-23,58.17,149.29,41.96
2017-03-24,58.39,149.02,42.0
2017-03-27,57.71,148.28,41.54
2017-03-28,57.69,148.1,41.67
2017-03-29,57.75,146.61,41.53
2017-03-30,57.52,147.8,41.47
2017-03-31,57.59,147.52,41.21
2017-04-03,57.84,147.36,41.57
2017-04-04,57.92,147.78,41.68
2017-04-05,57.81,145.88,41.44
2017-04-06,58.44,145.89,41.43
2017-04-07,58.01,146.9,41.62
2017-04-10,58.47,146.37,41.52
2017-04-11,58.66,146.66,41.66
2017-04-12,59.97,146.61,41.85
2017-04-13,59.23,145.31,41.59
2017-04-17,60.15,145.76,41.75
2017-04-18,60.88,144.99,42.1
2017-04-19,60.31,145.0,41.86
2017-04-20,60.7,145.7,41.41
2017-04-21,60.79,144.23,40.42
2017-04-24,61.02,146.69,40.25
2017-04-25,60.78,148.09,39.95
2017-04-26,60.22,148.01,40.51
2017-04-27,60.29,146.31,39.92
2017-04-28,59.97,146.85,39.27
2017-05-01,59.6,146.2,39.25
2017-05-02,59.0,147.0,39.27
2017-05-03,58.47,147.29,39.48
2017-05-04,58.76,147.72,39.25
2017-05-05,59.1,147.29,39.94
2017-05-08,55.51,146.59,39.89
2017-05-09,54.01,146.76,39.71
2017-05-10,54.16,144.32,39.67
2017-05-11,54.17,143.94,39.37
2017-05-12,54.35,144.06,39.21
2017-05-15,54.19,144.87,38.82
2017-05-16,53.99,144.89,38.76
2017-05-17,54.14,142.23,38.05
2017-05-18,53.97,143.05,38.53
2017-05-19,54.65,141.74,38.85
2017-05-22,54.54,138.58,38.9
2017-05-23,54.52,139.53,38.9
2017-05-24,54.53,140.01,38.53
2017-05-25,54.22,140.76,38.76
2017-05-26,54.44,140.38,38.77
2017-05-30,54.28,139.33,39.52
2017-05-31,53.72,140.59,39.9
2017-06-01,54.79,141.49,39.79
2017-06-02,54.23,144.13,39.73
2017-06-05,54.59,145.1,39.67
2017-06-06,55.62,144.47,39.73
2017-06-07,56.65,146.4,39.78
2017-06-08,56.7,147.3,39.51
2017-06-09,56.91,148.57,39.96
2017-06-12,57.4,149.32,40.37
2017-06-13,58.44,148.91,39.74
2017-06-14,58.56,149.52,39.94
2017-06-15,58.05,148.62,39.9
2017-06-16,57.72,147.09,39.89
2017-06-19,57.67,149.51,39.84
2017-06-20,57.51,150.59,39.3
2017-06-21,57.5,155.18,38.84
2017-06-22,57.82,157.41,38.85
2017-06-23,58.82,156.22,38.83
2017-06-26,58.8,157.28,39.14
2017-06-27,57.8,154.72,38.36
2017-06-28,57.68,157.64,38.36
2017-06-29,57.68,156.3,37.99
2017-06-30,58.67,155.97,38.2
2017-07-03,58.63,156.49,38.49
2017-07-05,57.68,157.81,38.19
2017-07-06,56.41,155.51,37.72
2017-07-07,56.42,155.25,37.69
2017-07-10,55.54,155.95,37.44
2017-07-11,54.88,156.96,37.18
2017-07-12,56.14,156.91,37.46
2017-07-13,57.04,158.52,37.7
2017-07-14,57.51,160.41,37.76
2017-07-17,57.77,160.65,37.84
2017-07-18,57.0,160.73,37.58
2017-07-19,57.27,162.27,37.66
2017-07-20,57.08,162.39,38.33
2017-07-21,57.97,163.2,38.34
2017-07-24,57.72,163.97,37.89
2017-07-25,58.76,163.82,38.12
2017-07-26,59.05,159.29,38.48
2017-07-27,59.36,155.9,41.44
2017-07-28,59.02,158.06,41.55
2017-07-31,59.36,158.04,41.95
2017-08-01,58.93,157.69,42.38
2017-08-02,59.61,157.99,41.79
2017-08-03,59.25,157.74,42.13
2017-08-04,59.3,157.44,42.39
2017-08-07,62.67,158.1,42.35
2017-08-08,60.91,157.3,42.12
2017-08-09,60.58,157.17,41.8
2017-08-10,60.77,153.15,41.62
2017-08-11,61.41,153.44,41.66
2017-08-14,61.69,155.47,42.28
2017-08-15,61.79,155.03,42.02
2017-08-16,61.5,156.26,41.96
2017-08-17,60.8,153.0,41.51
2017-08-18,61.03,152.52,41.34
2017-08-21,61.0,153.32,41.73
2017-08-22,60.85,155.06,41.91
2017-08-23,60.48,154.08,41.85
2017-08-24,59.83,154.95,41.87
2017-08-25,59.25,154.76,42.19
2017-08-28,58.6,156.62,42.13
2017-08-29,58.25,157.03,42.05
2017-08-30,58.75,158.32,41.71
2017-08-31,59.52,162.08,41.58
2017-09-01,60.67,162.94,41.54
2017-09-05,60.62,161.14,41.05
2017-09-06,61.07,162.63,40.66
2017-09-07,60.78,164.76,40.04
2017-09-08,61.48,164.7,39.97
2017-09-11,61.58,170.03,40.13
2017-09-12,61.88,174.14,40.56
2017-09-13,62.01,172.96,40.95
2017-09-14,62.35,172.72,40.89
2017-09-15,62.87,170.92,41.48
2017-09-18,63.38,170.01,41.68
2017-09-19,62.25,169.87,42.77
2017-09-20,61.85,171.56,42.89
2017-09-21,61.42,170.17,42.42
2017-09-22,61.5,169.36,43.25
2017-09-25,61.72,169.85,43.25
2017-09-26,61.89,169.22,42.91
2017-09-27,62.22,168.56,42.91
2017-09-28,61.54,169.09,42.83
2017-09-29,66.24,169.99,42.9
2017-10-02,66.75,170.65,42.78
2017-10-03,67.07,170.7,43.21
2017-10-04,67.36,171.94,43.25
2017-10-05,66.82,170.36,43.14
2017-10-06,66.44,169.42,42.82
2017-10-09,66.42,169.09,43.03
2017-10-10,65.92,169.39,43.11
2017-10-11,65.85,167.9,42.86
2017-10-12,66.57,166.63,42.41
2017-10-13,66.01,166.86,41.98
2017-10-16,66.33,165.84,42.19
2017-10-17,66.7,169.76,42.46
2017-10-18,67.27,169.84,42.68
2017-10-19,67.14,167.87,43.17
2017-10-20,67.26,166.81,43.45
2017-10-23,67.24,164.6,42.98
2017-10-24,66.91,164.45,42.93
2017-10-25,66.83,161.83,42.69
2017-10-26,67.04,160.94,42.89
2017-10-27,66.79,159.81,42.87
2017-10-30,67.2,159.18,41.96
2017-10-31,68.55,159.75,41.99
2017-11-01,68.93,159.94,41.96
2017-11-02,68.78,157.19,41.63
2017-11-03,68.45,158.13,41.6
2017-11-06,67.86,155.72,39.94
2017-11-07,68.72,158.17,39.98
2017-11-08,69.58,158.26,39.88
2017-11-09,69.41,158.64,39.54
2017-11-10,69.71,157.14,39.37
2017-11-13,71.07,156.36,39.26
2017-11-14,71.52,155.11,38.79
2017-11-15,71.65,154.43,38.7
2017-11-16,72.64,156.75,39.27
2017-11-17,73.31,156.04,39.84
2017-11-20,74.24,154.93,40.53
2017-11-21,74.33,155.89,40.51
2017-11-22,74.87,156.0,41.32
2017-11-24,75.66,156.15,41.24
2017-11-27,76.38,155.77,41.81
2017-11-28,76.3,156.28,42.83
2017-11-29,77.12,158.09,43.77
2017-11-30,77.54,161.23,44.64
2017-12-01,77.68,162.65,44.96
2017-12-04,78.78,164.01,45.37
2017-12-05,78.58,164.0,44.67
2017-12-06,78.52,161.75,44.46
2017-12-07,78.08,159.67,44.23
2017-12-08,78.84,161.0,44.82
2017-12-11,77.87,162.31,45.48
2017-12-12,77.94,161.78,46.66
2017-12-13,77.97,162.81,46.4
2017-12-14,76.09,160.55,45.91
2017-12-15,76.63,162.5,46.2
2017-12-18,78.11,161.67,46.71
2017-12-19,76.8,162.34,46.34
2017-12-20,76.68,162.56,46.29
2017-12-21,76.52,162.17,46.5
2017-12-22,76.01,161.93,46.66
2017-12-26,77.05,161.63,46.69
2017-12-27,76.82,161.74,46.74
2017-12-28,76.88,160.86,46.87
2017-12-29,76.43,159.62,46.43
2018-01-02,76.01,162.46,46.96
2018-01-03,75.15,165.53,45.99
2018-01-04,75.63,164.83,46.14
2018-01-05,76.2,165.81,46.04
2018-01-08,77.03,165.77,45.96
2018-01-09,77.55,168.32,45.79
2018-01-10,76.37,167.84,45.86
2018-01-11,75.38,167.02,46.24
2018-01-12,75.33,169.84,46.01
2018-01-16,74.17,170.3,45.84
2018-01-17,74.72,172.57,45.89
2018-01-18,74.37,172.18,45.74
2018-01-19,75.6,173.74,46.06
2018-01-22,76.26,176.53,47.43
2018-01-23,76.49,176.22,47.23
2018-01-24,75.22,174.97,48.11
2018-01-25,75.23,174.47,48.17
2018-01-26,75.58,179.91,48.55
2018-01-29,74.39,181.74,48.03
2018-01-30,74.38,175.56,47.82
2018-01-31,71.76,170.77,47.97
2018-02-01,71.43,170.32,48.18
2018-02-02,70.23,171.65,47.01
2018-02-05,69.04,160.4,44.81
2018-02-06,69.94,162.14,45.1
2018-02-07,69.18,162.89,45.26
2018-02-08,69.69,158.9,43.51
2018-02-09,70.59,159.21,44.26
2018-02-12,70.27,160.51,44.46
2018-02-13,70.45,161.49,44.43
2018-02-14,71.5,165.99,43.93
2018-02-15,71.54,169.76,44.13
2018-02-16,71.66,169.71,44.5
2018-02-20,71.77,169.19,43.41
2018-02-21,71.09,168.68,42.55
2018-02-22,70.42,168.7,42.47
2018-02-23,70.78,172.6,42.85
2018-02-26,71.38,174.29,43.56
2018-02-27,70.29,171.79,42.62
2018-02-28,70.41,169.92,42.36
2018-03-01,69.5,169.47,42.55
2018-03-02,69.72,171.13,42.82
2018-03-05,69.67,175.8,43.22
2018-03-06,70.09,176.0,43.38
2018-03-07,70.55,173.39,43.33
2018-03-08,70.97,173.05,43.49
2018-03-09,71.65,176.7,43.49
2018-03-12,71.25,175.03,43.3
2018-03-13,71.58,175.45,43.17
2018-03-14,71.35,176.21,42.99
2018-03-15,69.79,175.45,42.85
2018-03-16,70.3,174.05,43.09
2018-03-19,70.17,168.79,42.86
2018-03-20,70.07,168.31,42.31
2018-03-21,69.75,167.9,41.95
2018-03-22,68.82,162.81,41.6
2018-03-23,67.72,156.66,41.07
2018-03-26,69.99,161.98,41.76
2018-03-27,70.08,158.25,41.98
2018-03-28,69.03,157.61,42.59
2018-03-29,69.28,157.63,42.43
2018-04-02,64.97,153.53,41.84
2018-04-03,66.19,155.54,42.15
2018-04-04,67.72,160.44,42.53
2018-04-05,67.18,159.04,42.8
2018-04-06,66.36,155.47,42.13
2018-04-09,66.52,156.83,42.15
2018-04-10,66.93,160.08,43.37
2018-04-11,66.94,159.41,42.75
2018-04-12,66.4,158.13,42.89
2018-04-13,66.42,158.55,42.82
2018-04-16,67.48,158.46,43.47
2018-04-17,67.63,161.7,43.89
2018-04-18,67.3,161.91,43.68
2018-04-19,66.62,159.89,43.51
2018-04-20,65.5,158.63,43.03
2018-04-23,66.47,161.49,43.72
2018-04-24,66.61,158.98,44.62
2018-04-25,66.68,161.65,45.01
2018-04-26,67.24,162.15,44.71
2018-04-27,67.54,164.08,46.33
2018-04-30,66.36,161.33,44.34
2018-05-01,65.84,156.52,43.86
2018-05-02,63.88,156.66,42.9
2018-05-03,62.52,153.85,42.98
2018-05-04,63.39,155.32,43.3
2018-05-07,63.63,155.39,42.88
2018-05-08,63.1,155.79,42.24
2018-05-09,63.68,156.85,41.67
2018-05-10,64.1,157.9,42.41
2018-05-11,64.6,160.78,43.68
2018-05-14,64.01,162.7,43.56
2018-05-15,63.69,159.35,42.94
2018-05-16,64.9,161.92,43.0
2018-05-17,64.97,162.71,42.99
2018-05-18,64.28,164.25,42.89
2018-05-21,64.26,164.41,43.51
2018-05-22,64.25,166.17,43.85
2018-05-23,65.36,167.64,43.65
2018-05-24,65.67,165.8,43.7
2018-05-25,65.87,166.06,43.59
2018-05-29,66.63,165.31,43.3
2018-05-30,66.75,167.92,43.66
2018-05-31,64.15,167.34,42.83
2018-06-01,64.74,171.02,42.95
2018-06-04,65.22,172.76,42.96
2018-06-05,65.71,169.31,43.1
2018-06-06,64.84,171.0,43.49
2018-06-07,66.28,170.77,44.03
2018-06-08,67.27,171.7,44.18
2018-06-11,68.45,171.99,44.29
2018-06-12,67.96,172.42,43.85
2018-06-13,66.97,171.12,42.59
2018-06-14,67.5,173.09,42.96
2018-06-15,68.28,172.36,43.18
2018-06-18,67.51,171.38,42.64
2018-06-19,67.32,173.46,43.57
2018-06-20,66.68,173.76,43.21
2018-06-21,65.86,173.28,43.69
2018-06-22,65.97,172.49,44.71
2018-06-25,66.39,172.69,44.56
2018-06-26,67.0,171.97,44.29
2018-06-27,65.87,170.98,44.3
2018-06-28,65.85,170.81,45.69
2018-06-29,65.46,171.97,45.2
2018-07-02,63.15,172.62,45.3
2018-07-03,63.54,173.02,45.55
2018-07-05,63.98,174.55,46.07
2018-07-06,63.71,177.95,46.25
2018-07-09,63.35,180.9,46.12
2018-07-10,63.39,182.31,46.66
2018-07-11,62.75,179.95,46.66
2018-07-12,62.71,180.81,46.57
2018-07-13,63.04,182.52,46.73
2018-07-16,62.62,181.56,46.89
2018-07-17,62.33,180.66,46.74
2018-07-18,61.33,179.62,46.48
2018-07-19,61.71,178.65,46.13
2018-07-20,60.96,177.47,46.01
2018-07-23,60.43,176.98,46.13
2018-07-24,59.99,178.32,46.82
2018-07-25,59.54,179.84,46.27
2018-07-26,60.57,180.79,46.52
2018-07-27,60.43,179.29,47.27
2018-07-30,55.83,177.6,47.71
2018-07-31,54.81,183.11,46.93
2018-08-01,54.77,182.45,47.02
2018-08-02,54.72,182.96,47.24
2018-08-03,54.91,184.46,47.51
2018-08-06,56.71,184.1,47.7
2018-08-07,56.93,186.7,47.68
2018-08-08,56.62,182.79,47.9
2018-08-09,56.76,180.71,48.18
2018-08-10,57.22,181.13,47.69
2018-08-13,56.93,182.24,47.46
2018-08-14,56.65,182.38,48.05
2018-08-15,57.05,181.91,48.39
2018-08-16,57.96,184.24,49.32
2018-08-17,59.33,185.16,49.8
2018-08-20,60.28,185.29,49.67
2018-08-21,59.81,185.06,49.91
2018-08-22,59.42,185.56,49.21
2018-08-23,59.52,184.39,49.33
2018-08-24,60.01,184.43,49.79
2018-08-27,59.75,186.27,49.85
2018-08-28,59.39,186.29,49.67
2018-08-29,59.97,187.35,49.6
2018-08-30,59.76,187.91,49.76
2018-08-31,60.01,187.4,49.42
2018-09-04,59.95,184.51,48.34
2018-09-05,59.71,185.47,48.92
2018-09-06,60.26,183.97,49.34
2018-09-07,60.45,184.11,49.08
2018-09-10,60.56,189.93,49.19
2018-09-11,60.69,187.08,49.73
2018-09-12,60.88,187.11,49.96
2018-09-13,60.66,190.33,49.93
2018-09-14,60.57,188.12,49.58
2018-09-17,60.24,188.34,49.72
2018-09-18,59.59,189.78,49.43
2018-09-19,58.81,190.58,48.62
2018-09-20,59.53,192.36,49.03
2018-09-21,58.51,192.36,49.46
2018-09-24,58.27,194.34,48.66
2018-09-25,57.83,193.64,48.22
2018-09-26,57.09,193.99,48.3
2018-09-27,57.12,195.92,48.71
2018-09-28,56.87,194.42,48.52
2018-10-01,56.22,194.06,48.93
2018-10-02,56.39,194.77,49.46
2018-10-03,56.49,194.05,49.34
2018-10-04,57.32,190.84,50.01
2018-10-05,58.8,191.35,49.93
2018-10-08,60.45,192.81,50.01
2018-10-09,60.02,193.21,50.53
2018-10-10,58.53,188.71,49.92
2018-10-11,57.54,181.81,49.0
2018-10-12,57.6,185.13,49.37
2018-10-15,58.37,183.44,49.25
2018-10-16,59.26,189.78,49.34
2018-10-17,59.2,190.18,49.58
2018-10-18,59.62,190.13,50.21
2018-10-19,59.64,189.27,50.44
2018-10-22,59.07,185.72,50.52
2018-10-23,59.38,185.37,52.57
2018-10-24,58.95,176.21,52.76
2018-10-25,58.93,176.42,51.85
2018-10-26,57.77,174.43,51.0
2018-10-29,58.81,176.5,51.9
2018-10-30,59.33,177.34,53.46
2018-10-31,57.24,180.82,52.46
2018-11-01,59.58,180.92,51.5
2018-11-02,58.81,175.44,52.03
2018-11-05,59.27,178.13,52.57
2018-11-06,59.25,178.91,52.57
2018-11-07,59.27,185.35,52.97
2018-11-08,58.75,183.85,53.54
2018-11-09,59.31,181.17,53.71
2018-11-12,58.86,179.67,53.95
2018-11-13,55.57,179.66,53.9
2018-11-14,56.14,178.54,54.16
2018-11-15,56.39,181.74,54.28
2018-11-16,57.53,183.37,55.32
2018-11-19,56.77,184.06,55.7
2018-11-20,56.19,185.51,54.63
2018-11-21,56.28,182.04,54.36
2018-11-23,56.26,181.85,53.88
2018-11-26,56.81,183.48,54.37
2018-11-27,55.74,186.13,55.73
2018-11-28,54.45,190.21,55.18
2018-11-29,55.5,191.11,54.62
2018-11-30,56.68,196.66,55.41
2018-12-03,57.95,191.63,53.44
2018-12-04,56.0,186.75,53.37
2018-12-06,55.67,187.93,53.37
2018-12-07,54.05,180.78,53.0
2018-12-10,53.28,183.29,53.54
2018-12-11,53.65,185.26,54.07
2018-12-12,53.54,185.48,52.6
2018-12-13,53.92,186.54,52.46
2018-12-14,53.17,181.38,52.45
2018-12-17,51.41,179.5,51.41
2018-12-18,50.37,176.69,51.13
2018-12-19,50.65,175.17,51.33
2018-12-20,51.29,174.66,50.6
2018-12-21,49.74,170.18,50.46
2018-12-24,48.8,168.47,48.74
2018-12-26,50.06,177.4,50.02
2018-12-27,50.47,179.74,50.67
2018-12-28,50.33,180.11,50.78
2018-12-31,51.35,183.83,51.66
2019-01-02,51.3,181.22,51.47
2019-01-03,52.4,178.46,51.66
2019-01-04,53.04,184.56,51.79
2019-01-07,53.9,187.05,52.12
2019-01-08,55.34,189.44,53.64
2019-01-09,54.38,189.22,52.97
2019-01-10,55.35,191.4,53.48
2019-01-11,55.61,189.4,53.87
2019-01-14,55.55,185.83,53.88
2019-01-15,56.34,188.28,53.95
2019-01-16,56.25,187.82,53.0
2019-01-17,57.11,190.68,52.77
2019-01-18,58.62,192.53,53.01
2019-01-22,57.76,190.74,52.92
2019-01-23,58.17,190.34,53.63
2019-01-24,57.78,189.78,52.99
2019-01-25,58.39,187.71,52.37
2019-01-28,59.42,181.27,51.13
2019-01-29,59.41,181.42,49.47
2019-01-30,59.77,174.57,50.14
2019-01-31,59.54,176.7,51.13
2019-02-01,59.54,176.66,50.65
2019-02-04,59.41,175.82,50.18
2019-02-05,59.32,177.83,50.27
2019-02-06,58.56,180.14,49.95
2019-02-07,57.81,173.98,49.74
2019-02-08,57.01,175.65,50.09
2019-02-11,57.15,175.45,50.19
2019-02-12,59.02,177.94,50.53
2019-02-13,58.36,178.46,50.59
2019-02-14,58.83,177.66,50.17
2019-02-15,60.2,179.24,51.22
2019-02-19,60.52,177.93,51.48
2019-02-20,61.16,177.89,51.78
2019-02-21,60.64,176.54,52.14
2019-02-22,60.89,178.44,52.85
2019-02-25,59.92,180.64,52.72
2019-02-26,59.4,180.89,52.59
2019-02-27,59.28,182.17,52.67
2019-02-28,59.65,180.89,52.85
2019-03-01,60.16,181.92,52.89
2019-03-04,60.23,180.61,52.22
2019-03-05,61.89,179.69,52.07
2019-03-06,61.47,174.3,51.7
2019-03-07,62.02,172.69,52.28
2019-03-08,60.73,172.13,52.49
2019-03-11,62.13,175.24,53.46
2019-03-12,61.73,175.28,53.33
2019-03-13,62.34,178.3,53.54
2019-03-14,62.77,178.69,53.81
2019-03-15,63.09,182.0,54.22
2019-03-18,63.2,182.06,53.92
2019-03-19,63.63,182.24,53.39
2019-03-20,62.77,181.88,53.55
2019-03-21,64.35,182.62,54.12
2019-03-22,64.44,177.68,55.49
2019-03-25,65.26,177.57,55.79
2019-03-26,65.64,179.17,56.3
2019-03-27,65.78,177.32,56.53
2019-03-28,66.64,178.58,54.86
2019-03-29,67.17,180.8,54.9
2019-04-01,67.43,182.5,54.87
2019-04-02,67.0,183.13,54.35
2019-04-03,66.68,183.6,54.66
2019-04-04,67.75,183.04,54.77
2019-04-05,67.52,185.97,54.87
2019-04-08,68.14,185.46,54.9
2019-04-09,67.3,183.65,54.79
2019-04-10,68.35,184.52,54.98
2019-04-11,68.85,182.83,54.94
2019-04-12,68.53,182.17,55.1
2019-04-15,69.08,181.96,55.08
2019-04-16,69.71,178.96,55.15
2019-04-17,70.89,173.65,54.2
2019-04-18,71.09,168.89,54.45
2019-04-22,70.48,167.84,54.76
2019-04-23,72.02,171.07,53.61
2019-04-24,71.36,169.68,53.55
2019-04-25,71.22,171.76,52.39
2019-04-26,71.74,172.7,53.08
2019-04-29,71.78,172.41,53.32
2019-04-30,72.57,170.65,53.65
2019-05-01,72.36,167.63,53.02
2019-05-02,72.67,167.97,53.46
2019-05-03,72.64,168.74,53.7
2019-05-06,74.54,168.5,53.39
2019-05-07,74.35,165.47,53.13
2019-05-08,74.96,163.83,52.89
2019-05-09,75.4,164.52,52.98
2019-05-10,77.21,163.54,53.39
2019-05-13,76.98,159.5,53.24
2019-05-14,78.91,159.7,53.05
2019-05-15,79.56,161.66,53.29
2019-05-16,79.91,163.09,53.83
2019-05-17,79.8,163.08,54.5
2019-05-20,79.2,161.62,55.36
2019-05-21,77.98,162.87,55.82
2019-05-22,78.61,164.41,55.58
2019-05-23,79.05,165.19,55.23
2019-05-24,78.8,164.39,55.65
2019-05-28,77.69,162.06,55.1
2019-05-29,73.79,162.38,54.58
2019-05-30,74.6,162.24,53.31
2019-05-31,73.78,160.0,50.99
2019-06-03,75.88,165.43,52.89
2019-06-04,77.12,167.7,52.74
2019-06-05,78.36,167.53,53.5
2019-06-06,79.52,167.44,53.98
2019-06-07,80.15,168.45,53.7
2019-06-10,80.19,168.52,52.68
2019-06-11,80.02,167.6,53.31
2019-06-12,79.61,168.54,53.81
2019-06-13,80.23,169.61,54.05
2019-06-14,79.63,169.0,54.67
2019-06-17,76.34,171.22,54.06
2019-06-18,75.03,174.31,53.78
2019-06-19,75.59,175.42,54.06
2019-06-20,76.44,176.68,53.79
2019-06-21,77.08,179.59,54.19
2019-06-24,78.57,177.4,54.66
2019-06-25,77.74,177.02,54.41
2019-06-26,77.3,175.81,53.46
2019-06-27,77.43,176.62,53.71
2019-06-28,78.49,176.87,53.59
2019-07-01,78.7,178.86,53.15
2019-07-02,79.02,179.14,54.53
2019-07-03,79.87,181.0,54.53
2019-07-05,80.33,178.46,54.7
2019-07-08,79.64,174.91,54.31
2019-07-09,79.86,174.29,53.48
2019-07-10,79.74,174.94,54.04
2019-07-11,79.16,170.84,53.97
2019-07-12,79.11,167.9,54.22
2019-07-15,79.47,169.04,54.59
2019-07-16,76.92,170.33,54.43
2019-07-17,76.93,169.94,54.25
2019-07-18,78.7,172.32,54.24
2019-07-19,78.55,171.22,53.65
2019-07-22,79.06,168.82,52.62
2019-07-23,79.74,168.93,52.6
2019-07-24,78.78,168.7,53.07
2019-07-25,79.39,167.11,53.44
2019-07-26,78.72,168.29,54.12
2019-07-29,78.99,169.0,54.39
2019-07-30,79.06,169.36,53.69
2019-07-31,77.28,179.08,52.4
2019-08-01,78.15,178.52,52.39
2019-08-02,77.54,179.69,52.71
2019-08-05,81.49,174.2,52.36
2019-08-06,82.65,177.04,52.19
2019-08-07,83.81,176.16,52.23
2019-08-08,86.23,177.78,52.92
2019-08-09,85.91,188.36,52.89
2019-08-12,85.81,197.51,52.8
2019-08-13,85.37,197.83,53.45
2019-08-14,83.37,192.27,52.83
2019-08-15,85.41,192.69,53.38
2019-08-16,85.26,197.24,53.71
2019-08-19,85.03,199.16,54.04
2019-08-20,85.78,196.42,53.35
2019-08-21,87.29,197.17,53.65
2019-08-22,89.11,196.66,53.84
2019-08-23,87.42,192.47,53.02
2019-08-26,88.89,198.59,53.77
2019-08-27,87.46,199.63,54.21
2019-08-28,88.06,200.63,54.94
2019-08-29,89.53,200.11,54.93
2019-08-30,90.82,201.69,55.14
2019-09-03,91.06,198.7,55.03
2019-09-04,84.0,199.47,55.16
2019-09-05,83.22,200.75,55.55
2019-09-06,83.98,200.83,56.0
2019-09-09,81.56,195.62,55.62
2019-09-10,79.51,190.33,56.61
2019-09-11,80.35,189.34,57.01
2019-09-12,81.48,187.56,57.3
2019-09-13,83.14,188.98,56.85
2019-09-16,84.28,187.63,56.41
2019-09-17,86.76,190.19,56.76
2019-09-18,86.16,188.56,56.82
2019-09-19,86.06,189.15,56.87
2019-09-20,85.3,190.4,57.16
2019-09-23,83.74,191.19,57.09
2019-09-24,84.22,190.02,57.37
2019-09-25,83.92,189.55,57.14
2019-09-26,84.39,188.89,57.31
2019-09-27,83.16,188.47,57.17
2019-09-30,84.08,187.08,57.23
2019-10-01,81.33,186.77,56.75
2019-10-02,80.4,182.93,55.85
2019-10-03,80.14,186.22,55.95
2019-10-04,80.28,189.09,56.79
2019-10-07,79.22,190.62,57.13
2019-10-08,78.51,189.57,56.62
2019-10-09,79.78,190.16,56.73
2019-10-10,80.17,192.08,57.32
2019-10-11,81.6,194.13,57.41
2019-10-14,82.05,196.15,57.1
2019-10-15,81.74,197.86,58.01
2019-10-16,79.9,196.46,57.76
2019-10-17,79.43,196.8,57.87
2019-10-18,80.45,195.99,58.48
2019-10-21,79.04,196.19,58.2
2019-10-22,77.28,198.03,58.22
2019-10-23,75.65,196.57,58.32
2019-10-24,75.96,196.32,58.03
2019-10-25,76.61,196.31,57.83
2019-10-28,80.12,198.2,57.65
2019-10-29,80.32,202.05,57.66
2019-10-30,79.84,203.88,58.26
2019-10-31,80.81,206.17,57.93
2019-11-01,81.7,210.71,57.83
2019-11-04,80.09,207.29,57.35
2019-11-05,79.97,207.94,57.0
2019-11-06,81.48,209.21,57.6
2019-11-07,81.26,210.75,57.99
2019-11-08,80.66,213.77,56.86
2019-11-11,80.75,213.37,57.11
2019-11-12,86.76,213.96,56.83
2019-11-13,86.75,212.38,56.91
2019-11-14,88.18,212.65,56.85
2019-11-15,88.17,214.94,57.01
2019-11-18,87.83,214.76,56.94
2019-11-19,88.38,218.49,57.0
2019-11-20,88.45,219.47,56.98
2019-11-21,86.41,221.72,57.11
2019-11-22,84.35,224.56,57.24
2019-11-25,86.51,228.26,56.88
2019-11-26,87.56,228.11,57.37
2019-11-27,88.35,228.26,57.57
2019-11-29,88.15,228.43,57.71
2019-12-02,87.85,227.22,57.44
2019-12-03,87.23,226.53,57.61
2019-12-04,87.51,227.61,57.99
2019-12-05,87.73,227.16,58.26
2019-12-06,87.72,227.51,58.62
2019-12-09,87.94,226.58,58.45
2019-12-10,86.9,227.57,58.66
2019-12-11,86.78,227.74,58.51
2019-12-12,85.82,229.67,58.6
2019-12-13,86.27,230.4,58.25
2019-12-16,88.21,236.68,58.66
2019-12-17,88.63,236.33,58.91
2019-12-18,87.14,235.46,58.3
2019-12-19,88.0,235.36,58.25
2019-12-20,89.1,236.55,59.46
2019-12-23,89.62,236.52,58.82
2019-12-24,89.39,235.84,58.7
2019-12-26,89.53,235.42,58.71
2019-12-27,89.65,235.06,58.94
2019-12-30,88.59,233.83,58.64
2019-12-31,89.28,234.61,58.82
2020-01-02,88.23,233.67,58.48
2020-01-03,88.83,232.08,57.86
2020-01-06,88.41,233.86,57.74
2020-01-07,87.12,231.66,57.1
2020-01-08,87.66,231.84,57.2
2020-01-09,87.48,232.53,56.97
2020-01-10,90.14,231.88,57.1
2020-01-13,91.65,230.57,57.26
2020-01-14,90.16,233.57,57.15
2020-01-15,89.03,235.22,57.21
2020-01-16,88.28,234.06,57.76
2020-01-17,88.12,235.02,58.21
2020-01-21,85.78,231.23,58.39
2020-01-22,85.92,230.41,58.54
2020-01-23,86.26,228.74,58.57
2020-01-24,84.27,219.55,58.35
2020-01-27,82.52,216.98,57.99
2020-01-28,82.93,218.82,58.76
2020-01-29,82.78,221.06,57.62
2020-01-30,83.11,220.09,57.46
2020-01-31,81.03,210.26,57.54
2020-02-03,81.66,211.07,56.19
2020-02-04,82.27,215.87,56.42
2020-02-05,82.48,225.73,57.24
2020-02-06,78.23,225.25,57.54
2020-02-07,78.8,223.19,58.02
2020-02-10,80.0,221.33,58.31
2020-02-11,79.42,222.83,56.81
2020-02-12,78.81,220.92,56.37
2020-02-13,79.61,218.62,56.77
2020-02-14,78.95,219.05,56.64
2020-02-18,78.6,217.3,56.06
2020-02-19,76.32,218.54,56.36
2020-02-20,77.28,217.74,56.23
2020-02-21,76.32,218.38,56.34
2020-02-24,74.13,213.56,56.13
2020-02-25,70.32,206.21,55.29
2020-02-26,69.72,210.29,55.31
2020-02-27,68.26,199.47,53.3
2020-02-28,66.92,195.77,52.43
2020-03-02,69.6,208.0,55.49
2020-03-03,67.58,200.37,53.92
2020-03-04,69.45,210.85,56.26
2020-03-05,66.11,207.92,55.33
2020-03-06,63.78,206.48,55.05
2020-03-09,60.06,194.44,54.04
2020-03-10,61.92,202.7,54.71
2020-03-11,57.77,194.71,53.07
2020-03-12,51.11,178.63,49.56
2020-03-13,51.81,198.1,52.44
2020-03-16,44.45,184.94,49.36
2020-03-17,47.22,203.68,52.57
2020-03-18,43.59,200.82,52.58
2020-03-19,53.48,194.82,51.9
2020-03-20,52.9,184.52,50.14
2020-03-23,56.83,182.25,48.7
2020-03-24,59.19,198.33,48.39
2020-03-25,62.34,189.31,48.34
2020-03-26,60.41,194.56,51.83
2020-03-27,57.81,194.34,51.08
2020-03-30,58.36,204.35,53.02
2020-03-31,57.1,198.71,52.01
2020-04-01,54.6,193.89,51.23
2020-04-02,53.43,204.74,53.48
2020-04-03,53.1,201.34,52.95
2020-04-06,55.69,207.39,54.89
2020-04-07,56.6,204.64,55.16
2020-04-08,57.63,214.85,55.95
2020-04-09,60.12,213.89,56.2
2020-04-13,61.35,213.95,55.44
2020-04-14,60.59,222.31,56.88
2020-04-15,59.34,217.41,55.7
2020-04-16,60.06,226.33,56.41
2020-04-17,61.51,230.32,57.19
2020-04-20,63.01,231.91,56.87
2020-04-21,61.08,226.18,55.59
2020-04-22,59.12,224.75,56.73
2020-04-23,60.08,227.88,56.34
2020-04-24,58.19,231.6,56.68
2020-04-27,58.88,237.63,56.56
2020-04-28,61.96,232.96,56.58
2020-04-29,62.45,231.02,56.86
2020-04-30,61.36,234.48,56.21
2020-05-01,59.21,226.4,55.6
2020-05-04,54.58,226.34,55.02
2020-05-05,56.23,231.68,55.29
2020-05-06,54.05,231.9,54.44
2020-05-07,56.49,228.71,54.38
2020-05-08,59.58,230.17,55.77
2020-05-11,59.95,237.93,55.18
2020-05-12,59.28,232.51,54.26
2020-05-13,57.34,232.14,53.66
2020-05-14,58.37,233.27,53.72
2020-05-15,57.43,237.01,53.53
2020-05-18,60.02,230.09,54.51
2020-05-19,57.58,224.41,53.2
2020-05-20,59.84,224.84,53.09
2020-05-21,58.46,221.79,52.8
2020-05-22,58.4,223.42,52.93
2020-05-26,60.81,219.45,53.12
2020-05-27,61.91,221.82,53.95
2020-05-28,61.82,221.15,54.51
2020-05-29,61.03,226.65,56.14
2020-06-01,62.19,223.9,54.57
2020-06-02,62.08,220.75,55.18
2020-06-03,59.7,218.06,55.6
2020-06-04,63.64,217.95,55.98
2020-06-05,64.49,222.67,56.49
2020-06-08,68.21,222.75,56.83
2020-06-09,66.33,221.91,56.61
2020-06-10,64.11,224.1,56.79
2020-06-11,59.45,215.99,55.23
2020-06-12,61.79,215.01,55.31
2020-06-15,62.34,216.86,54.93
2020-06-16,64.42,223.86,55.69
2020-06-17,63.07,222.97,55.42
2020-06-18,63.59,227.26,55.66
2020-06-19,62.8,235.53,54.94
2020-06-22,61.01,231.08,54.46
2020-06-23,60.75,232.62,53.75
2020-06-24,59.05,229.42,52.76
2020-06-25,59.47,231.99,53.11
2020-06-26,57.89,229.75,52.01
2020-06-29,58.87,228.48,53.51
2020-06-30,59.31,232.73,53.94
2020-07-01,58.18,251.73,53.49
2020-07-02,58.06,254.81,53.6
2020-07-06,59.06,252.85,54.04
2020-07-07,58.3,249.79,53.85
2020-07-08,57.55,248.25,54.18
2020-07-09,55.21,248.32,53.37
2020-07-10,58.13,245.73,53.92
2020-07-13,57.63,246.72,53.88
2020-07-14,58.42,249.73,54.86
2020-07-15,60.12,249.95,54.48
2020-07-16,59.97,251.81,55.19
2020-07-17,60.42,255.03,55.71
2020-07-20,59.76,257.48,55.28
2020-07-21,60.18,254.48,55.25
2020-07-22,59.95,253.57,55.17
2020-07-23,60.51,248.89,55.26
2020-07-24,60.42,244.69,56.25
2020-07-27,60.57,250.28,56.27
2020-07-28,60.34,251.88,56.88
2020-07-29,61.59,245.54,56.85
2020-07-30,61.16,242.87,56.7
2020-07-31,61.04,241.42,56.88
2020-08-03,62.02,244.07,56.64
2020-08-04,64.69,240.35,57.3
2020-08-05,62.51,238.26,56.94
2020-08-06,62.05,238.34,57.22
2020-08-07,62.38,237.49,57.92
2020-08-10,64.13,235.01,58.37
2020-08-11,64.78,231.53,57.9
2020-08-12,65.27,238.51,57.99
2020-08-13,64.17,237.27,57.91
2020-08-14,63.52,238.1,58.17
2020-08-17,63.26,241.38,58.16
2020-08-18,63.25,239.88,58.56
2020-08-19,63.06,238.88,58.43
2020-08-20,62.48,237.13,58.34
2020-08-21,62.5,236.05,58.37
2020-08-24,63.13,233.99,58.95
2020-08-25,63.12,246.56,58.8
2020-08-26,63.03,248.5,58.84
2020-08-27,63.54,251.12,58.81
2020-08-28,63.49,251.43,58.64
2020-08-31,62.8,251.62,58.65
2020-09-01,62.64,249.18,58.54
2020-09-02,63.39,256.39,59.9
2020-09-03,61.64,246.25,59.97
2020-09-04,62.42,246.74,59.85
2020-09-08,61.57,239.57,59.33
2020-09-09,61.24,243.93,59.41
2020-09-10,63.45,239.03,58.91
2020-09-11,63.72,241.58,59.16
2020-09-14,65.31,245.1,59.69
2020-09-15,65.25,246.69,59.96
2020-09-16,65.21,246.1,59.74
2020-09-17,63.75,246.42,59.95
2020-09-18,62.03,246.06,59.72
2020-09-21,59.85,241.56,58.98
2020-09-22,59.39,245.84,59.19
2020-09-23,57.09,240.97,58.29
2020-09-24,56.9,238.71,58.57
2020-09-25,59.18,242.19,58.77
2020-09-28,59.76,245.38,58.74
2020-09-29,58.96,246.64,58.62
2020-09-30,59.48,252.46,58.87
2020-10-01,59.22,253.68,58.83
2020-10-02,59.31,243.77,58.62
2020-10-05,59.0,254.3,59.03
2020-10-06,58.61,251.0,58.84
2020-10-07,58.77,255.94,58.98
2020-10-08,58.99,238.48,59.19
2020-10-09,57.98,235.12,59.33
2020-10-12,58.97,237.91,59.55
2020-10-13,58.96,237.74,59.36
2020-10-14,59.28,236.06,58.43
2020-10-15,60.49,233.44,58.16
2020-10-16,59.71,234.14,58.05
2020-10-19,58.31,229.17,57.3
2020-10-20,57.86,229.55,57.25
2020-10-21,59.17,227.44,56.75
2020-10-22,59.44,226.45,57.33
2020-10-23,60.05,225.64,57.96
2020-10-26,57.46,223.38,57.81
2020-10-27,57.67,221.96,57.38
2020-10-28,56.76,214.93,56.31
2020-10-29,57.24,216.36,56.76
2020-10-30,57.23,215.49,56.99
2020-11-02,57.63,218.74,57.7
2020-11-03,56.49,218.59,57.75
2020-11-04,56.54,228.79,57.22
2020-11-05,57.71,230.42,58.15
2020-11-06,57.33,230.12,58.53
2020-11-09,60.35,233.43,59.84
2020-11-10,60.46,239.98,61.1
2020-11-11,61.11,239.08,61.0
2020-11-12,60.83,235.55,60.79
2020-11-13,62.35,237.36,61.06
