date,TSN,VZ,AMGN
2010-01-04,10.62,18.48,46.35
2010-01-05,10.82,18.25,45.95
2010-01-06,11.36,17.99,45.61
2010-01-07,11.56,17.88,45.19
2010-01-08,11.54,17.89,45.59
2010-01-11,11.38,17.97,45.79
2010-01-12,11.25,17.98,45.0
2010-01-13,11.54,17.96,45.4
2010-01-14,12.18,17.59,45.1
2010-01-15,12.05,17.23,45.17
2010-01-19,12.13,17.6,46.22
2010-01-20,12.06,17.31,45.94
2010-01-21,11.84,17.26,45.48
2010-01-22,11.94,17.1,45.45
2010-01-25,12.05,17.29,44.74
2010-01-26,12.13,17.0,45.44
2010-01-27,11.95,16.83,46.37
2010-01-28,11.96,16.53,46.64
2010-01-29,11.99,16.58,46.96
2010-02-01,12.13,16.69,47.16
2010-02-02,12.38,16.76,47.57
2010-02-03,12.45,16.45,47.44
2010-02-04,12.13,16.14,46.2
2010-02-05,12.71,16.2,46.32
2010-02-08,13.09,15.99,46.14
2010-02-09,13.37,16.2,45.94
2010-02-10,13.47,16.27,45.65
2010-02-11,13.84,16.37,45.37
2010-02-12,13.91,16.3,45.36
2010-02-16,14.26,16.45,45.77
2010-02-17,14.42,16.42,45.94
2010-02-18,14.66,16.43,45.99
2010-02-19,14.7,16.35,46.08
2010-02-22,14.43,16.34,45.86
2010-02-23,14.53,16.2,45.28
2010-02-24,14.46,16.32,45.57
2010-02-25,14.78,16.28,45.17
2010-02-26,14.81,16.3,45.46
2010-03-01,14.93,16.34,45.7
2010-03-02,15.17,16.49,45.67
2010-03-03,14.97,16.42,45.7
2010-03-04,15.21,16.5,45.59
2010-03-05,14.99,16.47,45.97
2010-03-08,15.32,16.7,46.27
2010-03-09,15.3,16.86,46.39
2010-03-10,15.22,16.77,46.4
2010-03-11,15.42,16.82,46.17
2010-03-12,15.25,16.76,46.12
2010-03-15,15.1,16.83,45.69
2010-03-16,15.35,16.87,46.11
2010-03-17,15.39,16.99,46.12
2010-03-18,15.35,17.08,46.83
2010-03-19,15.41,17.14,48.18
2010-03-22,15.75,17.27,48.26
2010-03-23,15.9,17.46,48.23
2010-03-24,16.03,17.17,47.44
2010-03-25,15.83,17.08,47.59
2010-03-26,16.26,17.12,47.71
2010-03-29,16.6,17.16,48.11
2010-03-30,16.67,17.6,48.26
2010-03-31,16.65,17.48,48.05
2010-04-01,16.95,17.63,48.83
2010-04-05,16.69,17.73,48.52
2010-04-06,16.5,17.58,48.42
2010-04-07,16.73,17.31,48.47
2010-04-08,16.94,17.26,48.6
2010-04-09,17.1,17.22,48.91
2010-04-12,17.39,17.14,48.48
2010-04-13,17.45,17.21,48.73
2010-04-14,17.62,17.09,49.1
2010-04-15,17.74,16.91,48.7
2010-04-16,17.28,16.93,48.76
2010-04-19,17.3,17.02,49.04
2010-04-20,17.45,17.04,48.33
2010-04-21,17.57,16.92,47.15
2010-04-22,17.67,16.76,46.71
2010-04-23,17.52,16.63,47.29
2010-04-26,17.74,16.57,46.92
2010-04-27,17.01,16.46,46.45
2010-04-28,17.12,16.67,46.72
2010-04-29,17.28,16.73,47.05
2010-04-30,17.03,16.54,46.02
2010-05-03,17.3,16.77,46.25
2010-05-04,16.97,16.46,45.64
2010-05-05,16.89,16.42,45.45
2010-05-06,16.15,16.03,43.97
2010-05-07,16.19,16.14,43.74
2010-05-10,15.86,16.38,44.64
2010-05-11,15.67,16.26,44.92
2010-05-12,15.76,16.43,45.45
2010-05-13,15.76,16.42,44.88
2010-05-14,15.39,16.32,43.92
2010-05-17,15.34,16.41,44.02
2010-05-18,15.48,16.27,43.9
2010-05-19,15.48,16.32,44.38
2010-05-20,14.75,15.89,42.51
2010-05-21,14.85,16.01,42.11
2010-05-24,14.76,15.74,42.29
2010-05-25,14.81,15.68,42.2
2010-05-26,14.55,15.42,40.44
2010-05-27,15.49,15.79,41.3
2010-05-28,15.32,15.75,41.58
2010-06-01,14.83,15.58,40.76
2010-06-02,15.26,15.79,45.04
2010-06-03,15.77,15.82,44.68
2010-06-04,15.25,15.58,43.64
2010-06-07,15.27,15.5,42.97
2010-06-08,15.32,15.84,43.22
2010-06-09,15.38,15.9,42.68
2010-06-10,15.8,16.22,43.37
2010-06-11,16.18,16.35,43.45
2010-06-14,16.05,16.39,43.42
2010-06-15,16.28,16.66,44.27
2010-06-16,16.03,16.7,44.35
2010-06-17,16.02,16.65,44.52
2010-06-18,15.96,16.67,44.33
2010-06-21,15.79,16.63,45.39
2010-06-22,15.42,16.63,45.07
2010-06-23,15.43,16.79,45.13
2010-06-24,15.57,16.58,45.09
2010-06-25,15.07,16.34,45.18
2010-06-28,15.03,16.43,44.5
2010-06-29,14.6,16.38,43.46
2010-06-30,14.28,16.04,42.24
2010-07-01,14.16,16.1,41.78
2010-07-02,14.32,16.4,41.52
2010-07-06,14.4,16.28,41.2
2010-07-07,14.73,16.52,41.27
2010-07-08,14.99,16.68,41.94
2010-07-09,15.28,16.6,42.21
2010-07-12,15.28,16.5,42.11
2010-07-13,15.46,16.75,42.37
2010-07-14,15.55,16.72,42.26
2010-07-15,15.5,16.69,42.5
2010-07-16,14.97,16.62,41.9
2010-07-19,15.28,16.64,43.04
2010-07-20,15.14,16.61,42.72
2010-07-21,15.06,16.52,41.96
2010-07-22,15.55,16.82,42.81
2010-07-23,15.62,17.45,42.36
2010-07-26,15.74,17.61,43.1
2010-07-27,15.57,17.81,43.78
2010-07-28,15.37,18.0,43.17
2010-07-29,15.12,17.99,42.86
2010-07-30,15.26,18.1,43.79
2010-08-02,15.46,18.41,44.06
2010-08-03,15.41,18.4,43.94
2010-08-04,15.31,18.31,44.78
2010-08-05,14.62,18.4,44.43
2010-08-06,14.94,18.4,44.92
2010-08-09,14.2,18.6,44.7
2010-08-10,14.01,18.7,44.75
2010-08-11,13.91,18.41,43.12
2010-08-12,13.93,18.88,43.97
2010-08-13,14.18,18.7,44.19
2010-08-16,14.53,18.66,43.43
2010-08-17,14.09,18.79,43.33
2010-08-18,14.35,18.78,43.48
2010-08-19,14.34,18.45,42.34
2010-08-20,14.48,18.29,42.03
2010-08-23,14.46,18.32,41.72
2010-08-24,14.12,18.35,41.01
2010-08-25,14.11,18.47,41.63
2010-08-26,14.29,18.37,40.9
2010-08-27,14.47,18.58,41.82
2010-08-30,14.33,18.34,41.46
2010-08-31,14.31,18.39,40.99
2010-09-01,14.49,18.85,42.23
2010-09-02,14.01,18.75,42.17
2010-09-03,14.16,18.81,42.49
2010-09-07,14.3,18.82,42.17
2010-09-08,14.63,18.97,42.51
2010-09-09,14.87,19.21,43.2
2010-09-10,14.71,19.19,43.65
2010-09-13,14.99,19.24,43.69
2010-09-14,14.81,19.25,43.78
2010-09-15,14.94,19.42,44.41
2010-09-16,14.87,19.57,44.25
2010-09-17,13.84,19.73,44.35
2010-09-20,14.18,19.99,44.92
2010-09-21,13.73,20.13,44.77
2010-09-22,13.52,20.17,45.19
2010-09-23,13.74,20.04,44.75
2010-09-24,13.67,20.33,45.23
2010-09-27,13.29,20.46,44.72
2010-09-28,13.34,20.38,44.97
2010-09-29,13.47,20.34,44.12
2010-09-30,13.99,20.3,44.26
2010-10-01,14.2,20.48,44.58
2010-10-04,13.78,20.57,44.21
2010-10-05,14.09,20.91,45.07
2010-10-06,14.01,21.08,44.84
2010-10-07,14.21,20.81,44.94
2010-10-08,13.11,20.75,45.29
2010-10-11,12.96,20.87,45.05
2010-10-12,12.96,20.56,44.92
2010-10-13,13.16,20.35,44.56
2010-10-14,13.37,20.5,44.06
2010-10-15,13.42,20.49,45.54
2010-10-18,13.69,20.59,46.55
2010-10-19,13.43,20.32,46.04
2010-10-20,13.48,20.63,46.36
2010-10-21,13.65,20.55,46.27
2010-10-22,13.65,20.28,46.22
2010-10-25,13.75,20.44,46.54
2010-10-26,13.8,20.54,45.98
2010-10-27,13.73,20.54,45.8
2010-10-28,13.58,20.48,45.99
2010-10-29,13.58,20.52,45.93
2010-11-01,13.56,20.47,46.12
2010-11-02,13.34,20.73,46.05
2010-11-03,13.43,20.85,46.02
2010-11-04,13.46,21.18,44.98
2010-11-05,13.19,21.12,44.51
2010-11-08,13.57,20.96,44.4
2010-11-09,13.13,20.86,44.11
2010-11-10,13.34,20.76,43.93
2010-11-11,13.1,20.62,43.86
2010-11-12,13.09,20.57,43.74
2010-11-15,13.11,20.71,43.78
2010-11-16,13.31,20.34,43.39
2010-11-17,13.42,20.44,43.26
2010-11-18,13.61,20.63,44.28
2010-11-19,13.66,20.59,44.17
2010-11-22,14.5,20.54,43.96
2010-11-23,14.14,20.47,43.04
2010-11-24,14.28,20.44,43.23
2010-11-26,14.13,20.35,43.01
2010-11-29,14.18,20.16,42.82
2010-11-30,13.86,20.23,42.31
2010-12-01,14.45,20.44,42.98
2010-12-02,14.75,20.69,43.24
2010-12-03,14.8,20.79,43.15
2010-12-06,14.82,20.78,42.88
2010-12-07,15.05,20.82,42.67
2010-12-08,14.99,20.84,42.79
2010-12-09,15.2,21.21,42.88
2010-12-10,15.53,21.51,43.28
2010-12-13,14.98,21.55,43.45
2010-12-14,15.01,21.91,45.58
2010-12-15,14.84,21.88,44.71
2010-12-16,15.31,21.96,45.48
2010-12-17,15.04,21.89,46.11
2010-12-20,15.13,21.95,46.3
2010-12-21,15.33,22.08,46.09
2010-12-22,15.46,22.23,45.74
2010-12-23,15.3,22.39,45.54
2010-12-27,15.26,22.43,45.33
2010-12-28,15.23,22.51,44.94
2010-12-29,15.31,22.48,44.87
2010-12-30,15.36,22.47,44.59
2010-12-31,15.08,22.61,44.09
2011-01-03,14.38,23.02,44.61
2011-01-04,14.23,23.48,45.57
2011-01-05,14.4,23.8,45.56
2011-01-06,14.5,23.2,45.41
2011-01-07,14.82,23.01,45.76
2011-01-10,14.82,23.0,45.33
2011-01-11,14.77,22.64,45.12
2011-01-12,14.74,22.71,45.65
2011-01-13,14.72,22.93,45.23
2011-01-14,14.89,22.71,45.37
2011-01-18,15.1,22.0,46.01
2011-01-19,14.75,22.16,45.76
2011-01-20,15.15,22.16,46.02
2011-01-21,15.11,22.38,45.75
2011-01-24,14.89,22.57,46.01
2011-01-25,14.68,22.92,45.9
2011-01-26,14.95,23.31,45.36
2011-01-27,14.72,23.37,45.36
2011-01-28,14.49,22.82,44.4
2011-01-31,14.4,22.81,44.23
2011-02-01,15.02,23.23,44.74
2011-02-02,14.96,23.16,44.68
2011-02-03,15.38,23.3,44.53
2011-02-04,16.25,23.25,44.33
2011-02-07,15.75,23.07,44.07
2011-02-08,16.44,23.27,44.12
2011-02-09,16.28,23.49,43.71
2011-02-10,16.15,23.32,43.58
2011-02-11,16.19,23.3,43.16
2011-02-14,15.99,22.99,43.25
2011-02-15,15.97,23.35,43.24
2011-02-16,16.23,23.16,42.52
2011-02-17,16.41,23.29,42.09
2011-02-18,16.31,23.45,41.95
2011-02-22,16.37,23.05,41.66
2011-02-23,16.18,22.93,41.01
2011-02-24,16.02,22.79,40.92
2011-02-25,16.56,23.04,41.97
2011-02-28,16.35,23.64,41.22
2011-03-01,16.21,23.07,41.69
2011-03-02,16.23,23.27,41.27
2011-03-03,16.44,23.28,42.06
2011-03-04,16.16,23.11,42.02
2011-03-07,16.15,23.06,41.55
2011-03-08,16.5,23.36,42.18
2011-03-09,17.21,23.47,42.15
2011-03-10,16.99,23.31,41.63
2011-03-11,17.1,22.96,42.99
2011-03-14,16.58,22.53,42.98
2011-03-15,16.59,22.33,42.56
2011-03-16,16.2,21.97,42.31
2011-03-17,16.23,22.63,43.01
2011-03-18,16.73,22.95,42.51
2011-03-21,16.76,23.35,42.64
2011-03-22,16.71,23.66,42.39
2011-03-23,16.67,23.68,42.31
2011-03-24,17.21,23.81,42.78
2011-03-25,17.39,23.88,42.68
2011-03-28,17.35,24.17,42.28
2011-03-29,17.2,24.52,42.91
2011-03-30,17.3,24.63,43.29
2011-03-31,16.84,24.68,42.92
2011-04-01,16.95,24.64,42.63
2011-04-04,16.69,24.73,43.39
2011-04-05,16.59,24.58,43.42
2011-04-06,16.94,24.55,43.39
2011-04-07,16.94,24.49,43.34
2011-04-08,16.94,24.47,43.29
2011-04-11,16.83,24.55,43.62
2011-04-12,17.11,24.42,43.86
2011-04-13,17.06,24.45,44.12
2011-04-14,17.02,24.46,44.03
2011-04-15,17.23,24.55,44.58
2011-04-18,17.09,24.2,44.35
2011-04-19,16.88,24.16,44.31
2011-04-20,17.01,24.51,45.12
2011-04-21,17.1,23.94,43.12
2011-04-25,16.88,23.99,43.92
2011-04-26,17.15,24.41,45.15
2011-04-27,17.29,24.81,45.63
2011-04-28,17.35,24.82,45.89
2011-04-29,17.46,24.51,45.65
2011-05-02,17.48,24.36,46.08
2011-05-03,17.36,24.52,46.18
2011-05-04,17.0,24.43,46.32
2011-05-05,16.87,24.08,46.11
2011-05-06,16.58,24.18,46.28
2011-05-09,15.58,24.16,46.33
2011-05-10,15.75,24.37,46.82
2011-05-11,15.8,24.17,47.27
2011-05-12,16.53,24.28,47.91
2011-05-13,16.26,24.17,48.56
2011-05-16,16.24,23.98,48.07
2011-05-17,16.29,24.07,48.9
2011-05-18,16.16,24.06,49.12
2011-05-19,16.29,24.21,49.02
2011-05-20,16.46,24.1,48.88
2011-05-23,16.36,23.9,48.55
2011-05-24,16.28,23.94,48.12
2011-05-25,16.06,23.61,48.06
2011-05-26,16.23,23.75,47.99
2011-05-27,16.3,23.79,47.66
2011-05-31,16.73,23.95,48.62
2011-06-01,16.62,23.53,47.94
2011-06-02,15.93,23.46,47.58
2011-06-03,15.62,23.11,47.13
2011-06-06,15.42,22.84,47.06
2011-06-07,15.33,22.95,47.24
2011-06-08,15.5,23.29,47.34
2011-06-09,15.36,23.14,47.29
2011-06-10,15.06,22.83,46.57
2011-06-13,15.5,23.11,46.89
2011-06-14,15.92,23.08,47.0
2011-06-15,15.47,22.78,46.49
2011-06-16,15.9,22.86,46.85
2011-06-17,15.99,23.03,46.59
2011-06-20,16.08,23.12,46.94
2011-06-21,16.2,23.34,46.71
2011-06-22,16.08,23.31,46.7
2011-06-23,16.48,23.38,46.52
2011-06-24,16.62,23.35,45.81
2011-06-27,16.66,23.61,46.48
2011-06-28,16.85,23.72,47.1
2011-06-29,17.01,23.82,46.4
2011-06-30,17.08,24.15,46.86
2011-07-01,17.17,24.52,46.8
2011-07-05,16.92,24.53,46.51
2011-07-06,16.92,24.67,46.34
2011-07-07,16.74,24.59,46.51
2011-07-08,16.4,24.63,46.29
2011-07-11,16.2,24.39,45.7
2011-07-12,16.38,24.37,45.7
2011-07-13,16.33,24.27,45.46
2011-07-14,16.23,24.23,44.72
2011-07-15,16.21,24.19,44.21
2011-07-18,15.97,24.12,43.9
2011-07-19,16.15,24.29,44.39
2011-07-20,16.09,24.53,44.16
2011-07-21,16.42,24.69,44.56
2011-07-22,16.05,24.14,44.35
2011-07-25,15.84,23.8,44.09
2011-07-26,15.96,23.84,43.93
2011-07-27,15.49,23.79,43.21
2011-07-28,15.4,23.43,42.91
2011-07-29,15.44,23.19,43.93
2011-08-01,15.38,23.57,43.18
2011-08-02,15.06,23.32,42.81
2011-08-03,15.22,23.63,42.82
2011-08-04,14.29,22.94,41.41
2011-08-05,14.34,23.03,41.86
2011-08-08,13.79,21.76,40.06
2011-08-09,14.7,22.53,40.6
2011-08-10,14.54,22.12,38.76
2011-08-11,14.91,22.75,39.86
2011-08-12,15.09,22.54,40.15
2011-08-15,15.52,23.03,41.44
2011-08-16,15.41,22.92,41.4
2011-08-17,15.44,23.4,41.76
2011-08-18,14.81,23.04,41.54
2011-08-19,14.62,22.81,41.97
2011-08-22,14.63,22.88,42.24
2011-08-23,15.1,23.63,43.3
2011-08-24,15.29,23.96,43.8
2011-08-25,14.88,23.5,43.16
2011-08-26,14.84,23.5,43.67
2011-08-29,15.41,23.75,44.24
2011-08-30,15.32,23.86,44.6
2011-08-31,15.4,23.76,44.74
2011-09-01,15.37,23.58,44.43
2011-09-02,15.06,23.37,43.68
2011-09-06,14.84,23.14,44.02
2011-09-07,15.14,23.4,44.72
2011-09-08,15.14,23.25,44.66
2011-09-09,14.73,23.16,43.64
2011-09-12,14.7,23.16,43.65
2011-09-13,14.92,23.33,44.34
2011-09-14,14.98,23.39,44.62
2011-09-15,15.41,23.78,45.43
2011-09-16,15.36,24.13,45.79
2011-09-19,15.2,23.84,45.65
2011-09-20,14.83,23.92,46.32
2011-09-21,14.47,23.55,45.25
2011-09-22,14.38,23.39,44.44
2011-09-23,14.49,23.58,44.49
2011-09-26,14.89,23.89,44.76
2011-09-27,15.24,24.24,45.64
2011-09-28,14.62,24.21,44.95
2011-09-29,15.08,24.41,45.04
2011-09-30,15.3,24.18,44.38
2011-10-03,14.7,23.88,43.52
2011-10-04,15.07,23.92,43.89
2011-10-05,15.2,23.83,45.16
2011-10-06,15.43,23.93,45.89
2011-10-07,15.31,24.09,45.44
2011-10-10,15.72,24.58,46.32
2011-10-11,15.82,24.32,46.1
2011-10-12,16.24,24.43,45.73
2011-10-13,16.1,24.66,46.01
2011-10-14,16.35,24.87,46.42
2011-10-17,15.93,24.61,45.57
2011-10-18,16.43,24.81,46.25
2011-10-19,16.32,24.68,46.28
2011-10-20,16.35,24.72,46.24
2011-10-21,16.57,24.93,47.31
2011-10-24,16.71,24.6,47.6
2011-10-25,16.45,24.11,45.6
2011-10-26,16.56,24.52,45.98
2011-10-27,17.03,25.09,46.88
2011-10-28,17.26,25.07,46.22
2011-10-31,17.01,24.64,46.24
2011-11-01,16.66,24.3,44.85
2011-11-02,16.79,24.52,44.25
2011-11-03,17.1,24.95,44.98
2011-11-04,17.04,24.76,44.55
2011-11-07,17.04,24.88,47.18
2011-11-08,17.33,25.0,46.83
2011-11-09,16.95,24.58,46.44
2011-11-10,16.95,24.87,46.8
2011-11-11,17.2,25.0,46.72
2011-11-14,17.5,24.65,46.29
2011-11-15,17.47,24.81,45.92
2011-11-16,17.36,24.42,45.45
2011-11-17,17.05,24.45,45.37
2011-11-18,17.14,24.29,45.09
2011-11-21,17.15,24.03,44.61
2011-11-22,17.06,24.11,45.17
2011-11-23,16.9,23.55,44.58
2011-11-25,16.97,23.55,44.35
2011-11-28,17.3,24.15,45.36
2011-11-29,17.38,24.4,45.56
2011-11-30,17.79,25.14,46.99
2011-12-01,17.96,25.16,47.06
2011-12-02,17.81,25.22,47.15
2011-12-05,17.96,25.35,46.66
2011-12-06,18.0,25.53,46.98
2011-12-07,17.94,25.52,47.34
2011-12-08,17.87,25.19,47.39
2011-12-09,18.13,25.6,47.54
2011-12-12,17.75,25.55,46.38
2011-12-13,17.85,25.49,46.6
2011-12-14,17.6,25.49,46.76
2011-12-15,18.13,25.6,47.57
2011-12-16,17.99,25.84,48.73
2011-12-19,17.84,25.74,48.82
2011-12-20,18.02,26.12,49.63
2011-12-21,18.44,26.14,51.24
2011-12-22,18.41,26.18,51.39
2011-12-23,18.47,26.64,51.68
2011-12-27,18.45,26.64,52.27
2011-12-28,18.38,26.49,51.93
2011-12-29,18.42,26.68,52.53
2011-12-30,18.23,26.73,52.1
2012-01-03,17.94,26.47,52.02
2012-01-04,17.99,26.12,51.74
2012-01-05,17.91,25.94,52.27
2012-01-06,17.95,25.87,52.55
2012-01-09,17.74,25.9,52.1
2012-01-10,17.96,26.03,53.29
2012-01-11,17.43,26.26,53.88
2012-01-12,17.63,26.27,54.81
2012-01-13,17.56,26.27,54.85
2012-01-17,17.28,26.34,55.24
2012-01-18,17.19,26.33,56.17
2012-01-19,17.22,26.32,56.1
2012-01-20,16.96,26.3,56.45
2012-01-23,16.93,25.92,55.0
2012-01-24,16.75,25.51,55.33
2012-01-25,16.64,25.44,56.16
2012-01-26,16.69,25.2,55.24
2012-01-27,16.6,25.11,55.46
2012-01-30,16.54,25.38,55.45
2012-01-31,16.46,25.42,55.12
2012-02-01,16.36,25.51,56.67
2012-02-02,16.45,25.35,56.49
2012-02-03,17.12,25.54,56.22
2012-02-06,16.91,25.74,56.09
2012-02-07,16.9,25.59,56.13
2012-02-08,16.83,25.59,55.23
2012-02-09,16.9,25.59,54.24
2012-02-10,16.71,25.44,54.66
2012-02-13,16.82,25.74,55.63
2012-02-14,16.71,25.67,55.34
2012-02-15,16.64,25.53,55.39
2012-02-16,16.89,25.68,56.2
2012-02-17,16.77,25.96,55.29
2012-02-21,16.6,25.98,54.4
2012-02-22,16.51,25.79,54.48
2012-02-23,16.66,25.74,54.93
2012-02-24,16.77,25.74,55.25
2012-02-27,16.9,25.74,55.01
2012-02-28,16.89,25.75,55.59
2012-02-29,16.74,25.72,55.48
2012-03-01,16.82,25.94,55.14
2012-03-02,17.2,26.1,55.25
2012-03-05,17.16,26.32,54.84
2012-03-06,16.98,26.11,54.28
2012-03-07,17.3,26.24,54.61
2012-03-08,17.39,26.47,55.31
2012-03-09,17.58,26.39,55.48
2012-03-12,17.41,26.54,55.49
2012-03-13,17.67,26.65,56.21
2012-03-14,17.39,26.64,55.68
2012-03-15,17.43,26.69,55.68
2012-03-16,17.58,26.71,54.96
2012-03-19,17.5,26.76,55.51
2012-03-20,17.37,26.75,55.13
2012-03-21,17.22,26.85,54.7
2012-03-22,17.19,26.77,54.34
2012-03-23,17.24,26.61,54.38
2012-03-26,17.24,26.55,55.08
2012-03-27,17.27,26.09,55.32
2012-03-28,17.21,25.82,55.21
2012-03-29,17.05,25.7,54.92
2012-03-30,16.95,25.8,55.45
2012-04-02,17.21,26.0,55.56
2012-04-03,16.86,25.96,55.41
2012-04-04,16.81,25.91,55.35
2012-04-05,16.64,25.76,55.49
2012-04-09,16.2,25.62,54.67
2012-04-10,16.15,25.17,53.99
2012-04-11,16.0,25.56,54.43
2012-04-12,16.02,25.68,54.59
2012-04-13,15.87,25.48,53.5
2012-04-16,15.83,25.6,54.05
2012-04-17,16.02,25.81,54.94
2012-04-18,15.96,25.76,54.78
2012-04-19,15.9,26.09,54.76
2012-04-20,15.98,26.49,55.85
2012-04-23,15.63,26.38,55.71
2012-04-24,15.87,27.01,55.98
2012-04-25,15.81,27.0,57.26
2012-04-26,16.16,27.45,57.75
2012-04-27,16.13,27.51,58.44
2012-04-30,16.15,27.62,58.01
2012-05-01,16.24,27.74,57.66
2012-05-02,16.22,27.77,58.06
2012-05-03,16.14,27.79,57.84
2012-05-04,15.97,27.53,56.91
2012-05-07,16.49,27.72,56.78
2012-05-08,17.03,27.73,57.67
2012-05-09,17.26,27.53,56.79
2012-05-10,17.29,27.73,57.18
2012-05-11,17.33,28.15,57.74
2012-05-14,17.18,27.96,57.56
2012-05-15,17.06,28.07,57.95
2012-05-16,17.24,27.96,58.2
2012-05-17,17.0,28.29,57.84
2012-05-18,16.92,28.4,56.7
2012-05-21,16.92,28.27,56.84
2012-05-22,17.14,28.31,56.5
2012-05-23,16.94,28.23,56.07
2012-05-24,16.85,28.31,56.66
2012-05-25,17.1,28.35,56.62
2012-05-29,17.22,28.55,56.8
2012-05-30,17.11,28.33,57.06
2012-05-31,17.18,28.48,57.0
2012-06-01,16.57,28.06,55.55
2012-06-04,16.49,28.27,56.33
2012-06-05,16.47,28.18,56.12
2012-06-06,16.73,28.57,57.38
2012-06-07,16.74,28.48,56.66
2012-06-08,16.9,29.02,56.47
2012-06-11,16.71,29.11,55.58
2012-06-12,16.77,29.37,56.26
2012-06-13,16.65,29.4,56.43
2012-06-14,16.61,29.92,57.74
2012-06-15,16.64,29.78,58.45
2012-06-18,16.89,29.97,59.05
2012-06-19,17.0,29.91,59.87
2012-06-20,17.21,29.61,59.68
2012-06-21,16.74,29.63,58.75
2012-06-22,16.79,30.06,59.41
2012-06-25,16.48,29.85,58.53
2012-06-26,16.48,29.98,58.59
2012-06-27,16.4,29.94,59.34
2012-06-28,16.29,30.07,58.56
2012-06-29,16.7,30.39,59.78
2012-07-02,16.46,30.73,60.97
2012-07-03,16.35,30.74,61.63
2012-07-05,15.77,30.7,60.94
2012-07-06,15.6,30.72,60.55
2012-07-09,15.16,30.94,61.33
2012-07-10,15.14,30.91,61.44
2012-07-11,15.13,31.05,62.39
2012-07-12,14.42,30.89,62.16
2012-07-13,14.32,31.27,63.1
2012-07-16,13.86,31.31,63.35
2012-07-17,13.7,31.58,64.58
2012-07-18,13.9,31.74,65.28
2012-07-19,13.62,30.8,65.29
2012-07-20,13.38,30.77,63.77
2012-07-23,13.24,30.67,63.57
2012-07-24,13.11,30.27,62.62
2012-07-25,13.02,30.24,63.92
2012-07-26,13.03,30.75,65.02
2012-07-27,13.37,31.05,68.81
2012-07-30,13.21,31.09,68.43
2012-07-31,13.31,31.22,67.73
2012-08-01,13.41,31.27,67.09
2012-08-02,13.44,30.86,66.45
2012-08-03,13.66,30.75,67.41
2012-08-06,12.57,30.91,67.59
2012-08-07,13.1,30.76,66.88
2012-08-08,14.16,30.56,66.72
2012-08-09,14.03,30.67,67.21
2012-08-10,14.23,30.85,67.83
2012-08-13,13.86,30.62,67.42
2012-08-14,13.94,30.66,68.79
2012-08-15,13.9,30.56,68.88
2012-08-16,13.53,30.51,68.43
2012-08-17,13.71,30.47,68.66
2012-08-20,13.56,30.22,68.54
2012-08-21,13.59,29.66,68.44
2012-08-22,13.42,29.48,69.06
2012-08-23,13.43,29.22,68.89
2012-08-24,13.44,29.86,69.66
2012-08-27,13.25,29.57,69.52
2012-08-28,13.85,29.51,69.18
2012-08-29,13.91,29.8,68.94
2012-08-30,13.75,29.58,68.47
2012-08-31,13.92,29.7,69.1
2012-09-04,14.13,30.22,69.44
2012-09-05,13.84,30.29,69.24
2012-09-06,14.0,30.53,69.83
2012-09-07,13.96,30.24,69.14
2012-09-10,14.16,30.47,69.21
2012-09-11,14.34,30.6,69.12
2012-09-12,14.42,31.05,68.47
2012-09-13,14.54,31.52,68.61
2012-09-14,14.64,30.8,67.0
2012-09-17,14.42,30.83,67.6
2012-09-18,14.6,31.06,67.56
2012-09-19,14.73,31.31,67.28
2012-09-20,14.72,31.46,67.77
2012-09-21,14.62,31.56,67.55
2012-09-24,14.52,31.59,68.27
2012-09-25,14.16,31.55,69.01
2012-09-26,14.44,31.53,68.72
2012-09-27,14.55,31.65,69.37
2012-09-28,14.24,31.52,69.41
2012-10-01,14.86,31.68,70.06
2012-10-02,14.71,31.72,71.11
2012-10-03,14.53,32.01,71.48
2012-10-04,14.62,32.69,71.14
2012-10-05,14.56,32.9,71.59
2012-10-08,14.48,32.56,70.85
2012-10-09,14.5,32.24,70.35
2012-10-10,14.28,32.01,69.71
2012-10-11,14.32,31.6,69.67
2012-10-12,14.24,31.2,69.17
2012-10-15,14.34,31.11,71.0
2012-10-16,14.49,30.82,72.49
2012-10-17,14.66,31.27,73.45
2012-10-18,14.78,32.01,73.94
2012-10-19,14.62,31.57,71.77
2012-10-22,14.78,31.3,72.3
2012-10-23,14.35,30.81,71.9
2012-10-24,14.58,30.92,72.05
2012-10-25,14.56,30.94,72.51
2012-10-26,14.71,31.27,72.16
2012-10-31,14.95,31.21,71.22
2012-11-01,15.28,31.56,71.81
2012-11-02,15.23,31.13,71.19
2012-11-05,15.18,30.9,71.11
2012-11-06,15.35,30.97,71.88
2012-11-07,15.13,30.2,70.27
2012-11-08,14.86,29.79,69.78
2012-11-09,14.95,29.81,70.13
2012-11-12,15.04,29.76,70.42
2012-11-13,15.21,29.74,70.92
2012-11-14,14.88,29.53,69.48
2012-11-15,14.9,29.16,69.58
2012-11-16,15.01,28.95,69.91
2012-11-19,16.65,29.93,70.62
2012-11-20,16.96,29.94,71.59
2012-11-21,16.89,30.18,71.65
2012-11-23,17.12,30.6,72.44
2012-11-26,17.21,30.27,72.18
2012-11-27,16.99,30.05,71.92
2012-11-28,17.1,30.46,71.97
2012-11-29,17.2,30.77,73.27
2012-11-30,17.18,30.85,73.43
2012-12-03,17.22,30.83,73.1
2012-12-04,17.28,30.53,73.04
2012-12-05,17.56,30.83,73.6
2012-12-06,17.64,31.08,73.21
2012-12-07,17.59,31.05,73.03
2012-12-10,17.53,30.78,74.21
2012-12-11,17.66,31.07,74.38
2012-12-12,17.66,31.32,74.56
2012-12-13,17.56,31.13,73.72
2012-12-14,17.61,30.91,73.76
2012-12-17,17.65,30.85,74.01
2012-12-18,17.74,30.67,73.84
2012-12-19,17.56,30.33,73.17
2012-12-20,17.65,30.63,73.11
2012-12-21,17.45,30.46,72.07
2012-12-24,17.55,30.44,72.27
2012-12-26,17.29,30.38,71.85
2012-12-27,17.36,30.4,71.24
2012-12-28,17.19,29.99,70.49
2012-12-31,17.39,30.25,71.28
2013-01-02,17.91,30.95,73.72
2013-01-03,18.24,30.81,73.26
2013-01-04,18.23,30.97,73.58
2013-01-07,18.12,31.25,73.21
2013-01-08,18.21,30.49,72.89
2013-01-09,18.17,30.42,73.32
2013-01-10,18.07,30.84,72.61
2013-01-11,18.21,30.64,71.91
2013-01-14,18.33,30.13,71.88
2013-01-15,18.29,29.69,70.35
2013-01-16,18.34,29.37,69.73
2013-01-17,19.03,29.81,69.41
2013-01-18,19.58,30.1,67.87
2013-01-22,19.85,30.38,68.87
2013-01-23,19.96,30.28,68.69
2013-01-24,19.98,30.13,68.32
2013-01-25,20.11,30.19,68.98
2013-01-28,19.95,30.26,70.78
2013-01-29,20.16,30.78,71.6
2013-01-30,19.9,30.86,70.6
2013-01-31,19.82,30.86,70.67
2013-02-01,20.43,31.53,71.36
2013-02-04,20.46,31.5,70.9
2013-02-05,20.67,31.53,71.55
2013-02-06,20.96,31.66,71.6
2013-02-07,21.3,31.46,70.47
2013-02-08,21.31,31.38,71.75
2013-02-11,21.19,31.36,70.61
2013-02-12,21.07,31.44,70.29
2013-02-13,21.38,31.5,70.63
2013-02-14,21.71,31.36,70.44
2013-02-15,21.52,31.41,69.52
2013-02-19,21.62,31.49,69.95
2013-02-20,21.11,31.78,70.39
2013-02-21,20.97,31.92,70.78
2013-02-22,21.33,32.12,72.19
2013-02-25,20.84,32.35,74.46
2013-02-26,20.07,32.63,74.39
2013-02-27,20.24,32.79,75.69
2013-02-28,20.36,32.92,76.12
2013-03-01,20.82,33.06,76.98
2013-03-04,20.85,33.33,77.1
2013-03-05,20.95,33.74,77.69
2013-03-06,21.17,33.45,77.55
2013-03-07,21.35,33.59,77.29
2013-03-08,21.56,33.93,77.33
2013-03-11,21.37,33.83,76.03
2013-03-12,21.43,34.22,76.29
2013-03-13,21.74,33.92,76.11
2013-03-14,21.88,34.3,76.65
2013-03-15,21.92,33.98,76.34
2013-03-18,21.81,34.49,75.16
2013-03-19,21.71,34.63,76.83
2013-03-20,21.63,34.39,78.2
2013-03-21,21.51,34.53,78.42
2013-03-22,21.67,34.68,80.29
2013-03-25,21.59,34.78,80.5
2013-03-26,21.74,35.01,82.03
2013-03-27,21.72,34.63,83.27
2013-03-28,22.29,34.78,85.24
2013-04-01,22.14,34.82,85.07
2013-04-02,22.23,35.02,88.47
2013-04-03,21.97,34.66,87.15
2013-04-04,22.18,34.88,88.04
2013-04-05,21.58,35.07,86.51
2013-04-08,21.35,35.34,87.39
2013-04-09,21.27,35.29,86.72
2013-04-10,21.19,35.64,90.01
2013-04-11,21.33,36.11,89.98
2013-04-12,21.45,36.36,92.77
2013-04-15,20.89,36.2,90.2
2013-04-16,21.26,36.07,92.17
2013-04-17,21.14,35.42,91.0
2013-04-18,21.21,36.4,89.35
2013-04-19,21.63,37.35,92.61
2013-04-22,21.78,37.31,94.31
2013-04-23,22.12,37.4,93.76
2013-04-24,22.29,37.03,87.25
2013-04-25,22.35,38.05,90.35
2013-04-26,22.2,38.34,90.12
2013-04-29,22.0,38.22,88.7
2013-04-30,22.12,38.54,86.65
2013-05-01,21.89,37.46,86.92
2013-05-02,22.1,37.55,87.8
2013-05-03,22.39,37.66,88.54
2013-05-06,21.65,37.21,87.17
2013-05-07,22.09,37.83,86.86
2013-05-08,22.46,37.97,87.36
2013-05-09,22.35,37.68,86.94
2013-05-10,22.23,37.81,88.74
2013-05-13,22.09,37.57,88.88
2013-05-14,22.39,38.01,90.14
2013-05-15,22.48,38.32,89.71
2013-05-16,22.35,38.03,87.66
2013-05-17,22.41,38.14,88.21
2013-05-20,22.24,37.7,85.33
2013-05-21,22.69,37.22,87.05
2013-05-22,22.73,36.8,87.29
2013-05-23,22.38,37.1,88.2
2013-05-24,22.34,36.74,88.45
2013-05-28,22.33,36.33,88.69
2013-05-29,22.82,35.44,87.18
2013-05-30,22.94,35.09,87.87
2013-05-31,22.5,34.66,83.95
2013-06-03,22.35,34.79,82.78
2013-06-04,22.68,34.92,81.25
2013-06-05,22.26,34.53,79.0
2013-06-06,22.33,35.72,81.41
2013-06-07,22.54,35.92,82.52
2013-06-10,22.9,36.12,82.1
2013-06-11,22.95,35.87,81.78
2013-06-12,22.88,35.67,80.48
2013-06-13,23.14,36.2,82.27
2013-06-14,23.0,36.51,81.36
2013-06-17,23.08,36.25,82.74
2013-06-18,23.29,36.85,84.76
2013-06-19,22.98,35.78,82.83
2013-06-20,22.7,35.0,80.4
2013-06-21,22.67,35.4,82.08
2013-06-24,22.47,35.12,80.29
2013-06-25,22.53,36.06,80.49
2013-06-26,22.62,36.22,83.18
2013-06-27,22.71,36.46,82.67
2013-06-28,23.11,35.99,82.39
2013-07-01,23.44,36.0,81.41
2013-07-02,23.7,36.2,80.22
2013-07-03,23.43,36.47,80.01
2013-07-05,23.69,36.67,81.54
2013-07-08,23.91,36.95,81.99
2013-07-09,23.69,36.8,82.12
2013-07-10,24.09,36.49,85.23
2013-07-11,24.31,36.98,86.23
2013-07-12,24.47,36.4,87.08
2013-07-15,24.72,36.08,87.23
2013-07-16,24.48,36.31,86.89
2013-07-17,24.32,36.64,87.11
2013-07-18,24.25,36.08,87.49
2013-07-19,24.36,36.07,91.35
2013-07-22,24.34,36.3,90.99
2013-07-23,24.43,36.36,89.04
2013-07-24,24.36,36.38,89.02
2013-07-25,24.39,36.62,91.45
2013-07-26,24.43,36.84,91.53
2013-07-29,24.33,37.18,91.34
2013-07-30,24.58,36.41,92.86
2013-07-31,24.86,35.73,90.43
2013-08-01,25.61,36.11,91.35
2013-08-02,25.66,36.29,91.08
2013-08-05,26.72,36.26,89.72
2013-08-06,27.64,36.17,87.87
2013-08-07,27.54,36.05,93.87
2013-08-08,27.69,35.83,92.18
2013-08-09,28.22,35.61,91.55
2013-08-12,28.13,35.85,90.37
2013-08-13,28.64,35.49,90.08
2013-08-14,28.62,35.3,89.45
2013-08-15,28.32,35.05,88.71
2013-08-16,28.29,34.45,88.0
2013-08-19,28.49,34.3,87.63
2013-08-20,28.64,34.6,88.58
2013-08-21,28.37,34.13,87.78
2013-08-22,28.26,33.95,89.16
2013-08-23,28.33,34.38,88.58
2013-08-26,26.25,33.9,95.41
2013-08-27,26.21,33.9,91.54
2013-08-28,25.65,33.62,91.6
2013-08-29,26.06,34.53,91.31
2013-08-30,26.1,34.21,91.38
2013-09-03,26.0,33.22,93.11
2013-09-04,26.61,33.78,94.8
2013-09-05,26.83,33.68,94.72
2013-09-06,26.59,33.46,93.11
2013-09-09,26.91,33.15,93.67
2013-09-10,26.91,33.56,93.24
2013-09-11,27.12,33.59,93.92
2013-09-12,27.23,34.19,95.17
2013-09-13,27.27,34.49,96.51
2013-09-16,27.32,34.88,98.29
2013-09-17,27.29,35.07,97.07
2013-09-18,27.43,35.18,98.58
2013-09-19,27.42,35.03,98.29
2013-09-20,27.33,34.5,98.01
2013-09-23,26.93,34.65,96.5
2013-09-24,26.48,34.13,96.28
2013-09-25,25.85,33.9,94.35
2013-09-26,25.73,34.42,94.66
2013-09-27,25.78,33.94,94.94
2013-09-30,25.49,33.7,93.88
2013-10-01,25.69,33.93,96.11
2013-10-02,25.57,33.79,94.83
2013-10-03,25.45,33.95,93.2
2013-10-04,26.0,34.01,94.71
2013-10-07,25.9,34.15,92.45
2013-10-08,25.51,33.64,90.39
2013-10-09,25.87,33.74,89.15
2013-10-10,26.41,34.23,92.2
2013-10-11,26.83,34.39,93.01
2013-10-14,26.46,34.19,93.59
2013-10-15,26.37,33.83,93.47
2013-10-16,26.65,34.51,95.86
2013-10-17,26.84,35.72,97.17
2013-10-18,25.65,36.53,96.39
2013-10-21,25.41,36.94,95.32
2013-10-22,26.04,37.35,97.48
2013-10-23,25.82,37.12,97.02
2013-10-24,25.54,36.83,97.47
2013-10-25,25.37,37.04,97.57
2013-10-28,25.63,36.94,99.25
2013-10-29,25.73,37.32,99.2
2013-10-30,25.03,36.91,98.04
2013-10-31,24.94,36.89,97.42
2013-11-01,24.98,36.88,99.55
2013-11-04,24.85,37.31,98.37
2013-11-05,25.11,36.59,96.58
2013-11-06,25.23,36.97,95.06
2013-11-07,24.85,36.64,93.13
2013-11-08,25.24,36.67,94.96
2013-11-11,25.17,36.49,94.93
2013-11-12,25.3,36.64,94.93
2013-11-13,25.72,36.51,95.63
2013-11-14,25.81,36.72,97.21
2013-11-15,25.94,36.75,96.85
2013-11-18,26.52,37.08,97.73
2013-11-19,27.75,37.09,97.25
2013-11-20,27.87,36.81,97.33
2013-11-21,28.31,36.8,94.55
2013-11-22,28.69,36.68,95.2
2013-11-25,28.47,36.53,95.99
2013-11-26,28.64,36.56,95.74
2013-11-27,28.6,36.47,95.87
2013-11-29,28.64,36.24,96.09
2013-12-02,28.88,35.98,96.42
2013-12-03,29.68,36.23,95.56
2013-12-04,30.15,36.06,95.24
2013-12-05,29.74,35.72,95.47
2013-12-06,30.56,36.14,96.12
2013-12-09,30.53,36.21,96.0
2013-12-10,30.7,35.83,96.11
2013-12-11,30.66,35.42,95.22
2013-12-12,30.35,35.15,94.82
2013-12-13,29.92,34.94,94.47
2013-12-16,30.35,35.25,94.44
2013-12-17,29.96,34.74,93.49
2013-12-18,30.63,35.4,94.95
2013-12-19,30.58,35.37,94.84
2013-12-20,30.01,35.12,96.05
2013-12-23,30.13,35.48,95.35
2013-12-24,30.22,35.78,94.55
2013-12-26,30.09,35.92,96.32
2013-12-27,30.24,35.91,96.96
2013-12-30,30.34,35.9,97.28
2013-12-31,30.24,35.89,96.09
2014-01-02,29.97,35.79,97.53
2014-01-03,30.2,35.37,96.42
2014-01-06,30.0,35.56,95.58
2014-01-07,30.1,36.01,98.07
2014-01-08,30.65,35.81,97.6
2014-01-09,31.27,35.07,100.14
2014-01-10,31.48,35.26,99.38
2014-01-13,30.63,34.73,98.04
2014-01-14,31.15,34.76,99.15
2014-01-15,31.43,35.64,99.82
2014-01-16,31.66,35.83,100.26
2014-01-17,31.66,35.7,100.36
2014-01-21,31.62,35.22,100.44
2014-01-22,32.15,34.95,104.76
2014-01-23,32.04,35.34,104.11
2014-01-24,31.42,35.17,100.48
2014-01-27,31.31,35.21,99.83
2014-01-28,31.32,34.97,101.66
2014-01-29,31.08,35.21,100.38
2014-01-30,31.17,35.17,101.82
2014-01-31,33.8,35.46,100.19
2014-02-03,32.55,34.27,98.34
2014-02-04,32.05,34.57,97.52
2014-02-05,32.16,34.48,96.92
2014-02-06,32.26,34.47,97.76
2014-02-07,32.61,34.56,100.15
2014-02-10,32.98,34.64,101.33
2014-02-11,33.22,34.86,102.63
2014-02-12,33.34,34.98,103.45
2014-02-13,33.86,34.93,105.1
2014-02-14,34.09,34.34,104.83
2014-02-18,34.65,33.95,105.77
2014-02-19,34.6,34.36,104.42
2014-02-20,35.4,35.53,104.54
2014-02-21,35.16,34.9,104.84
2014-02-24,35.12,34.14,106.48
2014-02-25,35.18,34.18,105.27
2014-02-26,35.41,34.22,103.16
2014-02-27,35.23,35.07,104.19
2014-02-28,35.72,35.13,104.99
2014-03-03,35.14,34.93,104.71
2014-03-04,35.85,35.37,106.66
2014-03-05,36.6,34.98,106.82
2014-03-06,36.37,35.04,105.13
2014-03-07,36.46,34.81,103.5
2014-03-10,36.39,34.73,106.15
2014-03-11,35.98,34.48,105.2
2014-03-12,36.64,34.23,106.65
2014-03-13,36.64,33.99,104.94
2014-03-14,37.55,34.02,103.73
2014-03-17,37.73,34.19,104.85
2014-03-18,38.32,34.48,107.91
2014-03-19,37.94,34.23,107.15
2014-03-20,38.29,34.86,107.55
2014-03-21,38.36,34.64,104.06
2014-03-24,38.36,34.71,102.67
2014-03-25,38.42,34.87,102.12
2014-03-26,38.81,34.71,101.68
2014-03-27,38.81,35.21,103.52
2014-03-28,39.07,35.01,102.05
2014-03-31,39.85,35.13,104.41
2014-04-01,39.34,35.26,106.72
2014-04-02,37.52,35.31,106.65
2014-04-03,38.02,35.53,105.08
2014-04-04,37.32,35.47,100.83
2014-04-07,37.14,35.53,100.58
2014-04-08,37.65,35.99,99.87
2014-04-09,38.29,35.82,101.58
2014-04-10,37.41,35.44,96.6
2014-04-11,37.73,35.14,94.76
2014-04-14,38.37,35.29,95.93
2014-04-15,38.42,35.03,97.35
2014-04-16,38.7,35.16,97.81
2014-04-17,38.61,35.53,97.74
2014-04-21,38.96,35.82,99.06
2014-04-22,39.11,35.77,100.99
2014-04-23,39.16,35.41,95.92
2014-04-24,38.48,34.55,96.27
2014-04-25,38.42,34.29,94.31
2014-04-28,38.5,34.79,94.37
2014-04-29,37.84,34.91,94.73
2014-04-30,38.0,34.88,94.6
2014-05-01,38.4,35.25,95.45
2014-05-02,38.61,35.18,95.17
2014-05-05,34.8,35.38,95.81
2014-05-06,34.63,35.44,95.05
2014-05-07,35.52,35.91,95.46
2014-05-08,35.45,36.2,93.78
2014-05-09,35.7,36.19,94.37
2014-05-12,36.06,35.95,94.58
2014-05-13,36.31,35.72,94.32
2014-05-14,36.35,35.84,95.39
2014-05-15,36.76,35.8,93.88
2014-05-16,37.03,36.63,95.28
2014-05-19,37.09,36.69,95.4
2014-05-20,36.79,36.32,95.52
2014-05-21,36.02,36.71,96.6
2014-05-22,35.43,36.91,97.77
2014-05-23,35.96,37.13,97.32
2014-05-27,37.61,37.04,98.64
2014-05-28,36.96,37.13,98.46
2014-05-29,39.23,37.12,98.74
2014-05-30,38.51,37.3,98.73
2014-06-02,39.37,37.36,99.12
2014-06-03,38.17,36.8,99.69
2014-06-04,37.58,36.69,101.42
2014-06-05,37.1,36.79,100.22
2014-06-06,36.39,36.89,100.29
2014-06-09,34.01,37.0,99.08
2014-06-10,32.72,36.97,99.67
2014-06-11,32.74,36.85,99.03
2014-06-12,31.9,36.61,98.91
2014-06-13,34.28,36.71,98.76
2014-06-16,31.88,36.81,98.87
2014-06-17,32.17,36.74,98.88
2014-06-18,32.69,36.89,100.01
2014-06-19,32.63,36.93,100.31
2014-06-20,33.05,36.87,102.97
2014-06-23,32.9,37.12,101.4
2014-06-24,32.68,36.79,101.11
2014-06-25,33.0,36.88,101.65
2014-06-26,33.59,36.74,101.41
2014-06-27,33.96,36.82,100.94
2014-06-30,34.05,36.53,100.76
2014-07-01,34.35,36.85,102.41
2014-07-02,35.34,37.07,103.02
2014-07-03,34.93,37.11,104.57
2014-07-07,35.39,37.14,102.28
2014-07-08,35.59,36.8,102.11
2014-07-09,35.2,36.9,101.78
2014-07-10,35.49,37.46,101.25
2014-07-11,35.99,37.97,101.95
2014-07-14,36.15,38.13,101.27
2014-07-15,35.61,38.27,99.47
2014-07-16,35.58,38.46,100.19
2014-07-17,35.43,37.97,98.22
2014-07-18,35.81,38.3,100.7
2014-07-21,35.16,38.26,101.32
2014-07-22,35.86,38.47,103.09
2014-07-23,35.64,38.42,103.85
2014-07-24,36.07,38.52,104.07
2014-07-25,35.86,38.7,104.56
2014-07-28,36.79,38.92,104.4
2014-07-29,35.53,39.22,104.96
2014-07-30,34.65,39.06,110.66
2014-07-31,33.75,38.05,108.43
2014-08-01,33.61,37.6,106.87
2014-08-04,33.78,37.89,109.51
2014-08-05,33.32,37.47,108.85
2014-08-06,33.68,37.07,108.18
2014-08-07,33.01,36.71,107.04
2014-08-08,33.44,36.75,108.06
2014-08-11,33.84,36.73,108.37
2014-08-12,33.9,36.86,108.04
2014-08-13,34.16,36.92,108.91
2014-08-14,34.1,36.98,112.78
2014-08-15,33.91,36.83,113.58
2014-08-18,33.85,36.81,113.94
2014-08-19,34.07,36.75,113.77
2014-08-20,33.94,36.84,113.48
2014-08-21,33.97,36.88,113.35
2014-08-22,33.58,36.7,113.6
2014-08-25,33.98,37.09,115.29
2014-08-26,33.76,37.16,117.41
2014-08-27,34.27,37.3,117.89
2014-08-28,34.57,37.29,118.62
2014-08-29,34.59,37.6,119.21
2014-09-02,34.87,37.56,118.0
2014-09-03,34.35,37.64,118.53
2014-09-04,33.98,37.52,118.04
2014-09-05,34.44,37.69,117.93
2014-09-08,34.83,37.38,119.12
2014-09-09,34.75,36.9,117.51
2014-09-10,35.28,36.79,119.05
2014-09-11,35.27,36.98,118.85
2014-09-12,34.77,36.52,117.94
2014-09-15,34.81,36.64,118.01
2014-09-16,35.52,36.95,119.17
2014-09-17,34.93,37.13,120.35
2014-09-18,35.25,37.5,121.47
2014-09-19,35.0,38.0,123.17
2014-09-22,34.42,37.87,121.61
2014-09-23,33.84,37.66,120.32
2014-09-24,34.75,37.78,121.66
2014-09-25,34.34,37.44,119.61
2014-09-26,34.3,37.56,120.65
2014-09-29,35.31,37.54,119.8
2014-09-30,35.78,37.72,120.14
2014-10-01,36.34,37.3,118.73
2014-10-02,37.11,37.2,117.35
2014-10-03,37.9,37.51,119.01
2014-10-06,37.74,37.79,117.7
2014-10-07,37.31,37.49,116.35
2014-10-08,37.74,38.05,119.8
2014-10-09,37.23,37.33,117.67
2014-10-10,36.74,37.34,117.51
2014-10-13,35.75,36.9,114.23
2014-10-14,35.92,36.79,113.07
2014-10-15,35.31,36.56,111.96
2014-10-16,33.74,36.37,111.57
2014-10-17,34.14,36.67,114.34
2014-10-20,34.85,36.99,117.61
2014-10-21,35.45,37.15,123.24
2014-10-22,35.04,36.86,122.85
2014-10-23,34.83,36.79,125.94
2014-10-24,35.21,37.21,125.95
2014-10-27,35.26,37.7,126.76
2014-10-28,35.77,38.12,134.44
2014-10-29,35.41,38.02,135.89
2014-10-30,36.01,38.07,138.2
2014-10-31,36.67,38.34,138.71
2014-11-03,37.11,38.44,138.18
2014-11-04,37.29,38.4,137.2
2014-11-05,37.68,38.41,135.94
2014-11-06,37.74,38.36,137.15
2014-11-07,37.36,38.8,137.06
2014-11-10,37.03,38.7,140.01
2014-11-11,36.94,38.61,139.44
2014-11-12,36.24,38.77,139.02
2014-11-13,37.43,39.06,138.09
2014-11-14,36.95,39.29,135.37
2014-11-17,39.11,39.22,136.62
2014-11-18,38.76,39.08,139.28
2014-11-19,39.24,38.52,139.63
2014-11-20,38.68,38.29,139.66
2014-11-21,38.41,38.31,139.77
2014-11-24,37.49,37.77,140.95
2014-11-25,37.64,37.64,139.28
2014-11-26,38.33,38.18,141.41
2014-11-28,38.57,38.6,141.92
2014-12-01,37.63,38.17,142.86
2014-12-02,37.53,37.47,145.33
2014-12-03,37.81,37.22,144.29
2014-12-04,37.08,37.22,142.98
2014-12-05,37.94,37.09,145.29
2014-12-08,37.63,37.31,147.35
2014-12-09,37.53,35.8,145.42
2014-12-10,37.0,35.23,141.99
2014-12-11,38.02,35.37,142.58
2014-12-12,37.17,34.77,141.25
2014-12-15,37.55,34.65,137.02
2014-12-16,36.07,34.74,136.88
2014-12-17,35.95,35.43,140.35
2014-12-18,36.19,35.9,144.64
2014-12-19,36.64,35.87,146.09
2014-12-22,37.34,36.25,141.25
2014-12-23,37.56,36.37,135.23
2014-12-24,36.74,36.37,137.93
2014-12-26,36.6,36.51,140.33
2014-12-29,36.65,36.28,139.81
2014-12-30,36.83,36.11,137.9
2014-12-31,36.52,35.69,136.75
2015-01-02,36.39,35.83,137.27
2015-01-05,35.56,35.53,135.63
2015-01-06,35.77,35.89,131.26
2015-01-07,36.2,35.66,135.85
2015-01-08,37.53,36.42,135.36
2015-01-09,36.76,36.1,133.69
2015-01-12,35.62,36.35,134.11
2015-01-13,35.39,36.42,133.19
2015-01-14,36.3,36.26,133.2
2015-01-15,36.52,36.36,130.42
2015-01-16,36.77,37.05,136.01
2015-01-20,36.72,37.2,135.3
2015-01-21,37.09,37.25,135.11
2015-01-22,37.44,36.9,136.99
2015-01-23,37.6,36.4,137.2
2015-01-26,37.63,36.25,137.13
2015-01-27,37.41,35.78,136.41
2015-01-28,36.6,35.55,132.76
2015-01-29,36.63,35.6,134.24
2015-01-30,35.57,35.29,130.71
2015-02-02,36.05,36.27,130.92
2015-02-03,35.41,36.93,130.69
2015-02-04,35.76,36.9,130.02
2015-02-05,36.46,36.95,131.66
2015-02-06,36.22,38.08,129.98
2015-02-09,36.23,37.9,128.78
2015-02-10,37.09,38.22,131.66
2015-02-11,36.65,38.45,132.13
2015-02-12,37.16,38.23,132.19
2015-02-13,37.08,38.07,132.44
2015-02-17,37.01,37.97,133.1
2015-02-18,37.46,37.78,134.43
2015-02-19,37.66,37.76,134.66
2015-02-20,37.96,37.81,136.05
2015-02-23,37.78,37.65,136.71
2015-02-24,37.81,38.0,135.8
2015-02-25,37.72,37.98,136.41
2015-02-26,37.32,38.11,137.18
2015-02-27,37.72,38.18,136.1
2015-03-02,38.51,38.19,137.75
2015-03-03,38.71,38.25,136.83
2015-03-04,37.81,37.88,137.37
2015-03-05,37.04,37.77,137.73
2015-03-06,37.13,37.28,133.65
2015-03-09,36.93,37.23,133.76
2015-03-10,36.33,36.68,132.53
2015-03-11,34.29,36.81,131.77
2015-03-12,34.3,37.62,133.11
2015-03-13,34.17,37.71,133.12
2015-03-16,34.78,38.04,140.69
2015-03-17,35.35,37.79,140.72
2015-03-18,36.16,38.25,143.71
2015-03-19,36.37,38.06,145.93
2015-03-20,36.73,38.26,146.79
2015-03-23,36.35,38.32,143.71
2015-03-24,35.34,38.15,143.26
2015-03-25,34.98,37.62,138.61
2015-03-26,34.85,37.38,138.55
2015-03-27,34.85,37.49,140.31
2015-03-30,35.16,37.92,141.79
2015-03-31,34.98,37.54,137.94
2015-04-01,35.07,37.77,135.57
2015-04-02,35.28,38.19,134.52
2015-04-06,35.53,38.32,134.0
2015-04-07,35.67,38.04,135.72
2015-04-08,35.3,38.35,138.36
2015-04-09,35.31,38.26,139.36
2015-04-10,35.96,38.42,140.99
2015-04-13,35.82,38.28,140.22
2015-04-14,36.44,38.39,140.29
2015-04-15,36.15,38.56,142.79
2015-04-16,35.92,38.46,144.0
2015-04-17,35.64,38.17,141.16
2015-04-20,35.15,38.55,143.22
2015-04-21,34.8,38.39,145.37
2015-04-22,34.87,38.7,145.92
2015-04-23,34.97,39.07,145.98
2015-04-24,35.3,39.06,144.9
2015-04-27,35.52,39.1,140.12
2015-04-28,35.9,39.46,140.22
2015-04-29,35.81,39.4,138.92
2015-04-30,36.07,39.38,136.27
2015-05-01,36.98,39.35,138.38
2015-05-04,37.52,39.44,139.89
2015-05-05,37.14,39.1,137.59
2015-05-06,36.85,38.75,137.16
2015-05-07,36.88,38.82,136.26
2015-05-08,37.68,39.14,140.09
2015-05-11,37.78,38.88,138.98
2015-05-12,37.37,38.74,137.23
2015-05-13,37.55,38.82,137.36
2015-05-14,38.1,39.01,140.48
2015-05-15,38.46,38.87,140.81
2015-05-18,38.53,38.72,141.74
2015-05-19,39.23,38.68,141.85
2015-05-20,39.65,38.79,142.21
2015-05-21,39.72,38.96,142.09
2015-05-22,39.22,38.73,141.86
2015-05-26,39.4,38.58,137.9
2015-05-27,39.02,38.7,139.14
2015-05-28,38.77,38.67,136.46
2015-05-29,38.86,38.6,135.52
2015-06-01,38.65,38.42,136.18
2015-06-02,38.69,38.36,135.67
2015-06-03,38.23,38.32,136.27
2015-06-04,37.86,37.55,137.1
2015-06-05,37.48,36.87,136.38
2015-06-08,37.28,37.03,135.7
2015-06-09,37.68,36.96,134.25
2015-06-10,37.9,37.06,134.9
2015-06-11,37.82,37.28,136.99
2015-06-12,38.07,36.89,135.4
2015-06-15,38.13,36.69,135.38
2015-06-16,38.36,37.02,135.49
2015-06-17,38.64,36.9,134.99
2015-06-18,38.73,37.29,138.86
2015-06-19,39.38,37.05,139.38
2015-06-22,39.57,37.11,140.69
2015-06-23,40.33,37.29,140.23
2015-06-24,41.2,36.92,138.66
2015-06-25,40.87,37.03,137.68
2015-06-26,39.91,37.18,137.04
2015-06-29,39.32,36.51,131.48
2015-06-30,39.02,36.39,133.14
2015-07-01,39.32,36.69,134.42
2015-07-02,39.3,36.85,132.91
2015-07-06,38.97,36.72,133.99
2015-07-07,39.45,36.89,134.76
2015-07-08,39.01,36.79,132.09
2015-07-09,39.06,36.54,131.22
2015-07-10,39.34,37.12,133.64
2015-07-13,40.02,37.28,135.08
2015-07-14,40.3,37.45,138.17
2015-07-15,39.76,37.39,139.15
2015-07-16,39.77,37.78,141.4
2015-07-17,39.31,37.59,141.6
2015-07-20,39.19,37.99,142.52
2015-07-21,38.94,37.1,141.97
2015-07-22,39.48,36.69,142.45
2015-07-23,39.48,36.61,142.32
2015-07-24,39.26,36.37,137.54
2015-07-27,39.06,36.2,143.56
2015-07-28,39.71,36.25,149.81
2015-07-29,40.11,36.78,148.71
2015-07-30,40.62,36.86,148.9
2015-07-31,40.6,36.96,153.15
2015-08-03,36.58,37.1,152.28
2015-08-04,38.06,36.86,151.6
2015-08-05,37.9,36.84,153.02
2015-08-06,38.51,36.83,147.14
2015-08-07,38.31,36.62,149.44
2015-08-10,39.22,37.31,147.95
2015-08-11,38.4,37.6,146.18
2015-08-12,38.7,37.8,147.97
2015-08-13,38.72,37.65,146.89
2015-08-14,38.9,37.51,146.14
2015-08-17,39.22,37.54,147.94
2015-08-18,39.24,37.49,146.14
2015-08-19,39.53,37.47,145.13
2015-08-20,39.77,37.03,140.41
2015-08-21,38.14,36.41,135.22
2015-08-24,36.77,35.34,128.64
2015-08-25,36.39,34.36,126.51
2015-08-26,37.36,35.67,134.16
2015-08-27,38.76,36.48,135.68
2015-08-28,39.1,36.39,135.83
2015-08-31,38.79,36.34,132.25
2015-09-01,37.99,35.47,128.48
2015-09-02,38.54,35.82,132.69
2015-09-03,39.17,36.11,130.03
2015-09-04,38.65,35.4,128.1
2015-09-08,39.24,36.24,134.67
2015-09-09,38.99,35.85,131.64
2015-09-10,39.32,35.91,133.43
2015-09-11,39.79,36.12,133.49
2015-09-14,39.73,36.06,131.57
2015-09-15,40.12,36.63,132.56
2015-09-16,40.02,36.48,131.73
2015-09-17,40.08,35.73,134.1
2015-09-18,39.35,35.21,131.21
2015-09-21,39.14,35.39,128.16
2015-09-22,38.44,35.09,127.15
2015-09-23,38.67,34.74,126.97
2015-09-24,39.43,34.83,125.04
2015-09-25,39.77,34.93,120.7
2015-09-28,38.38,34.55,115.22
2015-09-29,38.37,34.38,116.6
2015-09-30,39.54,34.37,120.4
2015-10-01,40.07,33.93,122.18
2015-10-02,40.73,33.84,124.14
2015-10-05,41.21,34.76,125.3
2015-10-06,40.9,34.8,123.05
2015-10-07,40.94,35.08,129.0
2015-10-08,42.2,35.39,130.61
2015-10-09,42.51,35.33,130.34
2015-10-12,43.17,35.44,133.34
2015-10-13,41.7,35.49,128.59
2015-10-14,40.64,35.19,128.79
2015-10-15,40.31,35.74,132.91
2015-10-16,41.56,35.76,132.97
2015-10-19,42.37,35.76,134.59
2015-10-20,42.29,36.19,131.09
2015-10-21,42.42,35.89,130.78
2015-10-22,43.29,36.71,132.71
2015-10-23,43.53,36.93,135.71
2015-10-26,41.38,37.09,138.17
2015-10-27,41.1,36.94,141.14
2015-10-28,41.26,37.19,141.74
2015-10-29,40.23,37.12,139.92
2015-10-30,40.7,37.51,137.82
2015-11-02,41.09,37.43,141.42
2015-11-03,41.6,37.16,141.55
2015-11-04,41.43,36.91,141.05
2015-11-05,41.84,36.96,140.47
2015-11-06,41.75,36.63,139.81
2015-11-09,41.33,36.24,139.09
2015-11-10,41.51,36.08,137.99
2015-11-11,41.11,36.26,136.67
2015-11-12,40.01,35.87,132.24
2015-11-13,39.54,35.39,132.74
2015-11-16,40.55,36.03,135.32
2015-11-17,40.32,36.07,138.04
2015-11-18,41.38,36.31,140.95
2015-11-19,40.79,36.61,139.69
2015-11-20,40.05,36.31,140.06
2015-11-23,44.12,35.99,142.3
2015-11-24,45.04,36.15,142.57
2015-11-25,45.74,35.94,143.6
2015-11-27,46.52,36.19,143.22
2015-11-30,46.01,36.36,141.1
2015-12-01,46.61,36.47,141.87
2015-12-02,46.55,35.94,140.6
2015-12-03,47.37,35.65,135.45
2015-12-04,47.89,36.57,141.39
2015-12-07,47.67,36.85,138.65
2015-12-08,48.41,36.56,139.57
2015-12-09,48.78,36.29,138.29
2015-12-10,49.15,36.26,139.85
2015-12-11,48.33,35.86,135.89
2015-12-14,48.51,36.36,138.48
2015-12-15,49.65,36.44,142.43
2015-12-16,49.55,37.21,144.15
2015-12-17,48.66,36.88,141.39
2015-12-18,48.36,36.45,139.09
2015-12-21,48.93,36.72,139.51
2015-12-22,49.32,37.07,142.15
2015-12-23,49.51,37.56,142.52
2015-12-24,49.64,37.37,143.25
2015-12-28,49.26,37.4,141.66
2015-12-29,49.6,37.77,144.03
2015-12-30,49.49,37.42,143.02
2015-12-31,49.08,36.98,142.18
2016-01-04,48.74,36.7,138.69
2016-01-05,48.13,37.2,138.54
2016-01-06,48.09,36.87,137.27
2016-01-07,48.01,36.67,133.99
2016-01-08,48.13,36.31,132.0
2016-01-11,48.51,36.52,129.36
2016-01-12,49.31,36.39,132.07
2016-01-13,48.88,35.76,127.4
2016-01-14,48.69,36.34,134.15
2016-01-15,47.38,35.99,132.52
2016-01-19,45.72,36.34,132.52
2016-01-20,45.98,35.98,135.78
2016-01-21,46.94,37.15,133.82
2016-01-22,47.13,38.1,136.71
2016-01-25,47.2,38.09,134.39
2016-01-26,48.31,39.08,134.69
2016-01-27,47.72,39.71,131.79
2016-01-28,48.4,39.7,129.94
2016-01-29,49.1,40.48,133.77
2016-02-01,49.98,41.12,133.79
2016-02-02,48.77,40.43,131.48
2016-02-03,48.7,41.0,131.99
2016-02-04,47.81,40.85,131.3
2016-02-05,52.55,41.29,127.04
2016-02-08,55.36,41.1,125.25
2016-02-09,56.0,40.62,125.39
2016-02-10,56.67,40.48,126.84
2016-02-11,55.26,40.01,124.78
2016-02-12,55.37,40.59,127.65
2016-02-16,56.88,40.69,129.8
2016-02-17,57.43,40.76,133.25
2016-02-18,57.94,41.26,131.69
2016-02-19,57.95,41.2,132.42
2016-02-22,58.99,41.37,131.04
2016-02-23,59.62,41.01,129.89
2016-02-24,60.17,41.16,129.76
2016-02-25,61.19,41.4,129.44
2016-02-26,60.11,41.33,130.19
2016-02-29,59.72,41.09,125.5
2016-03-01,60.49,41.68,130.89
2016-03-02,60.68,42.22,130.1
2016-03-03,60.89,42.03,128.64
2016-03-04,59.92,41.97,128.76
2016-03-07,60.59,42.29,129.94
2016-03-08,60.36,42.49,127.57
2016-03-09,60.95,42.4,124.28
2016-03-10,61.47,42.38,124.4
2016-03-11,62.43,42.55,127.52
2016-03-14,62.0,42.56,127.56
2016-03-15,61.48,42.66,126.32
2016-03-16,61.84,43.1,127.0
2016-03-17,61.99,43.44,127.13
2016-03-18,61.96,43.12,128.35
2016-03-21,61.58,43.29,129.67
2016-03-22,61.51,43.1,132.86
2016-03-23,62.2,42.86,131.22
2016-03-24,61.7,43.38,131.64
2016-03-28,62.24,43.25,130.87
2016-03-29,62.44,43.78,131.86
2016-03-30,62.31,43.77,131.85
2016-03-31,61.48,43.8,132.25
2016-04-01,62.8,43.75,135.98
2016-04-04,62.51,44.08,136.42
2016-04-05,62.2,43.81,134.91
2016-04-06,62.76,43.81,140.83
2016-04-07,62.57,42.56,138.82
2016-04-08,62.82,42.71,138.01
2016-04-11,62.2,42.25,137.95
2016-04-12,63.06,42.52,139.9
2016-04-13,60.53,41.98,141.18
2016-04-14,59.64,42.04,141.24
2016-04-15,60.26,42.03,141.25
2016-04-18,60.68,42.34,142.63
2016-04-19,60.25,42.63,142.98
2016-04-20,58.73,42.36,143.56
2016-04-21,58.05,40.95,144.97
2016-04-22,58.17,41.38,143.94
2016-04-25,59.1,41.55,144.18
2016-04-26,59.66,41.29,143.64
2016-04-27,60.26,42.31,142.01
2016-04-28,60.43,41.76,141.62
2016-04-29,60.71,41.7,139.63
2016-05-02,61.49,42.01,140.24
2016-05-03,61.21,41.48,137.91
2016-05-04,61.51,41.61,136.0
2016-05-05,61.23,41.61,136.06
2016-05-06,62.03,41.84,135.12
2016-05-09,62.94,41.81,137.08
2016-05-10,63.89,42.19,138.7
2016-05-11,63.16,41.87,136.0
2016-05-12,63.32,42.13,134.87
2016-05-13,63.41,41.7,135.26
2016-05-16,63.04,41.93,136.08
2016-05-17,61.34,41.66,133.28
2016-05-18,60.5,41.25,133.92
2016-05-19,59.97,40.62,132.0
2016-05-20,59.69,40.65,133.34
2016-05-23,59.93,40.22,132.56
2016-05-24,60.05,40.58,135.59
2016-05-25,59.75,40.8,138.12
2016-05-26,60.08,41.06,138.11
2016-05-27,60.16,41.43,139.16
2016-05-31,58.96,41.66,140.24
2016-06-01,59.45,41.28,140.33
2016-06-02,57.87,41.56,141.94
2016-06-03,58.44,41.68,141.34
2016-06-06,56.28,41.51,142.23
2016-06-07,56.25,42.36,141.07
2016-06-08,55.25,42.17,140.28
2016-06-09,56.65,42.52,139.2
2016-06-10,56.0,43.11,137.42
2016-06-13,55.4,43.03,135.91
2016-06-14,55.74,43.37,135.83
2016-06-15,55.8,43.25,134.87
2016-06-16,56.85,43.76,135.22
2016-06-17,56.6,44.02,132.84
2016-06-20,56.66,44.01,133.76
2016-06-21,57.48,44.28,132.66
2016-06-22,57.95,44.23,133.01
2016-06-23,58.58,44.75,135.19
2016-06-24,58.77,44.55,130.03
2016-06-27,60.31,44.81,128.37
2016-06-28,59.35,44.87,131.78
2016-06-29,59.38,45.07,133.27
2016-06-30,61.75,45.71,135.09
2016-07-01,61.03,46.03,136.98
2016-07-05,61.65,46.27,136.97
2016-07-06,62.55,46.51,138.55
2016-07-07,62.55,45.79,139.03
2016-07-08,63.72,46.22,143.03
2016-07-11,63.3,46.24,142.22
2016-07-12,63.47,45.86,143.8
2016-07-13,63.98,46.3,142.52
2016-07-14,64.58,46.17,144.49
2016-07-15,64.32,46.17,144.97
2016-07-18,64.61,46.24,144.66
2016-07-19,65.71,46.05,144.27
2016-07-20,65.33,45.98,144.94
2016-07-21,65.76,45.78,145.78
2016-07-22,66.92,46.38,147.09
2016-07-25,67.77,46.19,147.88
2016-07-26,67.3,45.32,148.87
2016-07-27,66.71,45.74,151.54
2016-07-28,67.53,45.36,152.07
2016-07-29,68.04,45.81,152.74
2016-08-01,68.67,45.06,154.63
2016-08-02,67.93,44.65,154.62
2016-08-03,67.46,44.56,153.98
2016-08-04,68.0,44.59,153.31
2016-08-05,68.08,44.35,154.18
2016-08-08,68.48,44.31,153.01
2016-08-09,68.85,44.36,152.78
2016-08-10,69.0,44.49,152.03
2016-08-11,68.94,44.53,153.09
2016-08-12,69.68,44.36,153.62
2016-08-15,69.42,44.32,155.89
2016-08-16,68.64,43.62,153.73
2016-08-17,68.76,43.96,155.65
2016-08-18,69.36,43.71,156.04
2016-08-19,69.23,43.36,155.03
2016-08-22,69.89,43.45,155.68
2016-08-23,69.54,43.51,155.73
2016-08-24,69.34,43.43,152.55
2016-08-25,69.77,43.61,152.01
2016-08-26,69.42,43.05,153.56
2016-08-29,70.29,43.41,153.15
2016-08-30,69.87,43.22,152.48
2016-08-31,70.0,43.26,151.85
2016-09-01,69.92,43.45,151.92
2016-09-02,70.81,43.72,151.59
2016-09-06,70.47,44.24,152.55
2016-09-07,69.73,44.41,152.36
2016-09-08,69.2,44.31,152.67
2016-09-09,66.94,42.84,148.72
2016-09-12,68.39,43.46,153.62
2016-09-13,67.96,42.54,151.17
2016-09-14,67.71,42.57,151.92
2016-09-15,68.18,42.98,154.16
2016-09-16,67.85,42.89,154.44
2016-09-19,68.76,42.33,153.03
2016-09-20,69.07,42.39,154.82
2016-09-21,70.11,42.88,155.24
2016-09-22,71.1,43.28,156.82
2016-09-23,70.64,43.45,156.09
2016-09-26,70.29,43.12,154.95
2016-09-27,70.14,43.4,153.26
2016-09-28,70.42,43.04,151.54
2016-09-29,69.32,43.09,147.74
2016-09-30,69.17,42.98,148.95
2016-10-03,69.57,42.89,149.42
2016-10-04,68.24,42.38,149.61
2016-10-05,68.33,42.04,149.34
2016-10-06,68.9,42.03,149.03
2016-10-07,62.76,41.75,149.57
2016-10-10,65.31,41.97,150.29
2016-10-11,66.12,41.73,146.73
2016-10-12,66.29,42.06,146.34
2016-10-13,66.72,42.06,146.7
2016-10-14,66.31,42.05,144.57
2016-10-17,66.28,42.17,145.21
2016-10-18,66.29,42.04,145.37
2016-10-19,65.28,42.13,143.83
2016-10-20,64.67,41.09,144.21
2016-10-21,64.42,40.31,141.54
2016-10-24,64.69,40.32,141.76
2016-10-25,63.95,40.01,140.99
2016-10-26,63.61,39.83,141.97
2016-10-27,63.83,40.59,143.38
2016-10-28,64.6,40.32,129.64
2016-10-31,65.63,40.22,126.05
2016-11-01,65.85,39.86,125.69
2016-11-02,65.13,39.25,123.85
2016-11-03,64.81,39.2,120.74
2016-11-04,62.23,39.37,120.9
2016-11-07,64.28,39.69,124.31
2016-11-08,65.12,39.85,123.63
2016-11-09,64.4,40.02,130.74
2016-11-10,61.36,39.05,135.34
2016-11-11,61.64,39.05,133.08
2016-11-14,63.43,38.62,131.64
2016-11-15,63.73,39.61,132.21
2016-11-16,63.93,40.08,132.37
2016-11-17,61.79,40.01,132.48
2016-11-18,62.4,40.2,130.57
2016-11-21,53.36,40.4,130.86
2016-11-22,54.62,41.39,129.76
2016-11-23,54.34,42.01,130.39
2016-11-25,55.26,42.37,130.75
2016-11-28,54.04,42.75,130.42
2016-11-29,54.82,42.62,131.26
2016-11-30,52.83,41.73,129.52
2016-12-01,52.23,41.7,128.01
2016-12-02,53.05,41.65,129.47
2016-12-05,53.25,41.6,130.62
2016-12-06,53.36,42.11,130.46
2016-12-07,54.69,42.97,126.94
2016-12-08,57.27,42.76,126.4
2016-12-09,57.58,43.06,128.97
2016-12-12,57.79,43.29,131.04
2016-12-13,58.34,43.79,133.39
2016-12-14,57.78,43.18,133.68
2016-12-15,58.02,43.33,135.21
2016-12-16,58.06,43.71,134.29
2016-12-19,57.96,44.25,132.82
2016-12-20,57.56,44.42,132.36
2016-12-21,57.62,44.3,131.41
2016-12-22,57.41,44.87,131.58
2016-12-23,58.16,44.89,132.65
2016-12-27,58.06,44.86,133.38
2016-12-28,57.33,44.69,132.76
2016-12-29,57.79,44.94,132.86
2016-12-30,57.35,44.64,131.45
2017-01-03,58.19,45.64,135.51
2017-01-04,59.02,45.59,137.44
2017-01-05,59.32,45.69,137.53
2017-01-06,58.88,45.02,140.95
2017-01-09,58.26,44.53,142.8
2017-01-10,56.92,44.6,142.73
2017-01-11,57.15,44.35,140.81
2017-01-12,57.36,44.53,139.67
2017-01-13,57.64,44.42,140.36
2017-01-17,57.95,44.58,139.17
2017-01-18,58.34,44.17,140.04
2017-01-19,57.97,44.26,138.27
2017-01-20,58.18,44.57,139.05
2017-01-23,57.42,44.3,137.3
2017-01-24,57.99,42.37,136.52
2017-01-25,58.24,42.07,138.54
2017-01-26,57.38,41.52,137.53
2017-01-27,58.37,41.93,141.29
2017-01-30,58.18,41.73,138.84
2017-01-31,58.39,41.43,140.86
2017-02-01,59.79,40.91,143.55
2017-02-02,60.61,40.81,143.47
2017-02-03,60.8,41.07,150.62
2017-02-06,58.7,40.6,149.76
2017-02-07,60.12,40.61,149.98
2017-02-08,60.49,40.89,151.15
2017-02-09,60.8,41.26,150.56
2017-02-10,60.5,41.4,150.94
2017-02-13,60.72,41.04,151.77
2017-02-14,60.44,40.8,152.12
2017-02-15,60.75,40.64,155.51
2017-02-16,60.35,40.96,155.79
2017-02-17,60.68,41.58,156.86
2017-02-21,58.87,41.78,156.73
2017-02-22,58.79,41.99,156.25
2017-02-23,58.41,42.53,157.51
2017-02-24,58.28,42.77,158.01
2017-02-27,58.2,42.22,159.43
2017-02-28,58.38,41.95,159.8
2017-03-01,59.91,42.11,161.34
2017-03-02,58.89,42.25,161.19
2017-03-03,59.35,42.34,163.12
2017-03-06,57.85,42.29,162.45
2017-03-07,57.76,41.79,160.57
2017-03-08,57.78,41.56,160.93
2017-03-09,58.13,41.66,161.96
2017-03-10,59.31,41.72,164.24
2017-03-13,59.35,41.82,163.89
2017-03-14,58.48,41.73,163.05
2017-03-15,58.89,42.38,165.29
2017-03-16,57.86,42.3,163.04
2017-03-17,57.71,42.6,152.63
2017-03-20,58.2,42.47,153.2
2017-03-21,58.1,42.4,151.03
2017-03-22,58.53,42.02,151.58
2017-03-23,58.17,41.96,150.3
2017-03-24,58.39,42.0,150.03
2017-03-27,57.71,41.54,149.28
2017-03-28,57.69,41.67,149.1
2017-03-29,57.75,41.53,147.6
2017-03-30,57.52,41.47,148.8
2017-03-31,57.59,41.21,148.52
2017-04-03,57.84,41.57,148.35
2017-04-04,57.92,41.68,148.78
2017-04-05,57.81,41.44,146.86
2017-04-06,58.44,41.43,146.87
2017-04-07,58.01,41.62,147.89
2017-04-10,58.47,41.52,147.36
2017-04-11,58.66,41.66,147.65
2017-04-12,59.97,41.85,147.59
2017-04-13,59.23,41.59,146.29
2017-04-17,60.15,41.75,146.74
2017-04-18,60.88,42.1,145.96
2017-04-19,60.31,41.86,145.97
2017-04-20,60.7,41.41,146.68
2017-04-21,60.79,40.42,145.2
2017-04-24,61.02,40.25,147.68
2017-04-25,60.78,39.95,149.09
2017-04-26,60.22,40.51,149.01
2017-04-27,60.29,39.92,147.3
2017-04-28,59.97,39.27,147.84
2017-05-01,59.6,39.25,147.19
2017-05-02,59.0,39.27,147.99
2017-05-03,58.47,39.48,148.28
2017-05-04,58.76,39.25,148.72
2017-05-05,59.1,39.94,148.28
2017-05-08,55.51,39.89,147.58
2017-05-09,54.01,39.71,147.75
2017-05-10,54.16,39.67,145.29
2017-05-11,54.17,39.37,144.91
2017-05-12,54.35,39.21,145.03
2017-05-15,54.19,38.82,145.85
2017-05-16,53.99,38.76,145.86
2017-05-17,54.14,38.05,143.19
2017-05-18,53.97,38.53,144.01
2017-05-19,54.65,38.85,142.69
2017-05-22,54.54,38.9,139.51
2017-05-23,54.52,38.9,140.47
2017-05-24,54.53,38.53,140.95
2017-05-25,54.22,38.76,141.71
2017-05-26,54.44,38.77,141.32
2017-05-30,54.28,39.52,140.27
2017-05-31,53.72,39.9,141.53
2017-06-01,54.79,39.79,142.45
2017-06-02,54.23,39.73,145.1
2017-06-05,54.59,39.67,146.07
2017-06-06,55.62,39.73,145.45
2017-06-07,56.65,39.78,147.39
2017-06-08,56.7,39.51,148.29
2017-06-09,56.91,39.96,149.58
2017-06-12,57.4,40.37,150.32
2017-06-13,58.44,39.74,149.91
2017-06-14,58.56,39.94,150.52
2017-06-15,58.05,39.9,149.62
2017-06-16,57.72,39.89,148.08
2017-06-19,57.67,39.84,150.51
2017-06-20,57.51,39.3,151.61
2017-06-21,57.5,38.84,156.22
2017-06-22,57.82,38.85,158.47
2017-06-23,58.82,38.83,157.27
2017-06-26,58.8,39.14,158.34
2017-06-27,57.8,38.36,155.77
2017-06-28,57.68,38.36,158.7
2017-06-29,57.68,37.99,157.35
2017-06-30,58.67,38.2,157.02
2017-07-03,58.63,38.49,157.54
2017-07-05,57.68,38.19,158.88
2017-07-06,56.41,37.72,156.56
2017-07-07,56.42,37.69,156.29
2017-07-10,55.54,37.44,157.0
2017-07-11,54.88,37.18,158.02
2017-07-12,56.14,37.46,157.97
2017-07-13,57.04,37.7,159.59
2017-07-14,57.51,37.76,161.49
2017-07-17,57.77,37.84,161.74
2017-07-18,57.0,37.58,161.81
2017-07-19,57.27,37.66,163.36
2017-07-20,57.08,38.33,163.49
2017-07-21,57.97,38.34,164.3
2017-07-24,57.72,37.89,165.07
2017-07-25,58.76,38.12,164.92
2017-07-26,59.05,38.48,160.36
2017-07-27,59.36,41.44,156.95
2017-07-28,59.02,41.55,159.13
2017-07-31,59.36,41.95,159.1
2017-08-01,58.93,42.38,158.76
2017-08-02,59.61,41.79,159.06
2017-08-03,59.25,42.13,158.8
2017-08-04,59.3,42.39,158.5
2017-08-07,62.67,42.35,159.17
2017-08-08,60.91,42.12,158.36
2017-08-09,60.58,41.8,158.23
2017-08-10,60.77,41.62,154.18
2017-08-11,61.41,41.66,154.47
2017-08-14,61.69,42.28,156.51
2017-08-15,61.79,42.02,156.08
2017-08-16,61.5,41.96,157.32
2017-08-17,60.8,41.51,154.03
2017-08-18,61.03,41.34,153.55
2017-08-21,61.0,41.73,154.35
2017-08-22,60.85,41.91,156.1
2017-08-23,60.48,41.85,155.12
2017-08-24,59.83,41.87,155.99
2017-08-25,59.25,42.19,155.8
2017-08-28,58.6,42.13,157.67
2017-08-29,58.25,42.05,158.09
2017-08-30,58.75,41.71,159.39
2017-08-31,59.52,41.58,163.17
2017-09-01,60.67,41.54,164.03
2017-09-05,60.62,41.05,162.23
2017-09-06,61.07,40.66,163.73
2017-09-07,60.78,40.04,165.87
2017-09-08,61.48,39.97,165.81
2017-09-11,61.58,40.13,171.18
2017-09-12,61.88,40.56,175.31
2017-09-13,62.01,40.95,174.12
2017-09-14,62.35,40.89,173.88
2017-09-15,62.87,41.48,172.07
2017-09-18,63.38,41.68,171.16
2017-09-19,62.25,42.77,171.02
2017-09-20,61.85,42.89,172.72
2017-09-21,61.42,42.42,171.31
2017-09-22,61.5,43.25,170.51
2017-09-25,61.72,43.25,170.99
2017-09-26,61.89,42.91,170.36
2017-09-27,62.22,42.91,169.7
2017-09-28,61.54,42.83,170.23
2017-09-29,66.24,42.9,171.14
2017-10-02,66.75,42.78,171.8
2017-10-03,67.07,43.21,171.85
2017-10-04,67.36,43.25,173.1
2017-10-05,66.82,43.14,171.51
2017-10-06,66.44,42.82,170.56
2017-10-09,66.42,43.03,170.23
2017-10-10,65.92,43.11,170.53
2017-10-11,65.85,42.86,169.03
2017-10-12,66.57,42.41,167.75
2017-10-13,66.01,41.98,167.98
2017-10-16,66.33,42.19,166.96
2017-10-17,66.7,42.46,170.9
2017-10-18,67.27,42.68,170.98
2017-10-19,67.14,43.17,169.0
2017-10-20,67.26,43.45,167.94
2017-10-23,67.24,42.98,165.7
2017-10-24,66.91,42.93,165.56
2017-10-25,66.83,42.69,162.92
2017-10-26,67.04,42.89,162.02
2017-10-27,66.79,42.87,160.89
2017-10-30,67.2,41.96,160.25
2017-10-31,68.55,41.99,160.83
2017-11-01,68.93,41.96,161.01
2017-11-02,68.78,41.63,158.25
2017-11-03,68.45,41.6,159.2
2017-11-06,67.86,39.94,156.77
2017-11-07,68.72,39.98,159.23
2017-11-08,69.58,39.88,159.33
2017-11-09,69.41,39.54,159.71
2017-11-10,69.71,39.37,158.2
2017-11-13,71.07,39.26,157.42
2017-11-14,71.52,38.79,156.16
2017-11-15,71.65,38.7,155.47
2017-11-16,72.64,39.27,157.8
2017-11-17,73.31,39.84,157.09
2017-11-20,74.24,40.53,155.97
2017-11-21,74.33,40.51,156.94
2017-11-22,74.87,41.32,157.05
2017-11-24,75.66,41.24,157.2
2017-11-27,76.38,41.81,156.82
2017-11-28,76.3,42.83,157.33
2017-11-29,77.12,43.77,159.15
2017-11-30,77.54,44.64,162.32
2017-12-01,77.68,44.96,163.74
2017-12-04,78.78,45.37,165.12
2017-12-05,78.58,44.67,165.1
2017-12-06,78.52,44.46,162.84
2017-12-07,78.08,44.23,160.75
2017-12-08,78.84,44.82,162.09
2017-12-11,77.87,45.48,163.4
2017-12-12,77.94,46.66,162.87
2017-12-13,77.97,46.4,163.91
2017-12-14,76.09,45.91,161.64
2017-12-15,76.63,46.2,163.6
2017-12-18,78.11,46.71,162.76
2017-12-19,76.8,46.34,163.44
2017-12-20,76.68,46.29,163.66
2017-12-21,76.52,46.5,163.26
2017-12-22,76.01,46.66,163.02
2017-12-26,77.05,46.69,162.72
2017-12-27,76.82,46.74,162.83
2017-12-28,76.88,46.87,161.94
2017-12-29,76.43,46.43,160.69
2018-01-02,76.01,46.96,163.56
2018-01-03,75.15,45.99,166.65
2018-01-04,75.63,46.14,165.94
2018-01-05,76.2,46.04,166.93
2018-01-08,77.03,45.96,166.89
2018-01-09,77.55,45.79,169.45
2018-01-10,76.37,45.86,168.97
2018-01-11,75.38,46.24,168.14
2018-01-12,75.33,46.01,170.99
2018-01-16,74.17,45.84,171.45
2018-01-17,74.72,45.89,173.73
2018-01-18,74.37,45.74,173.34
2018-01-19,75.6,46.06,174.91
2018-01-22,76.26,47.43,177.72
2018-01-23,76.49,47.23,177.41
2018-01-24,75.22,48.11,176.15
2018-01-25,75.23,48.17,175.65
2018-01-26,75.58,48.55,181.13
2018-01-29,74.39,48.03,182.96
2018-01-30,74.38,47.82,176.75
2018-01-31,71.76,47.97,171.92
2018-02-01,71.43,48.18,171.47
2018-02-02,70.23,47.01,172.81
2018-02-05,69.04,44.81,161.48
2018-02-06,69.94,45.1,163.24
2018-02-07,69.18,45.26,163.99
2018-02-08,69.69,43.51,159.97
2018-02-09,70.59,44.26,160.29
2018-02-12,70.27,44.46,161.59
2018-02-13,70.45,44.43,162.58
2018-02-14,71.5,43.93,167.11
2018-02-15,71.54,44.13,170.9
2018-02-16,71.66,44.5,170.86
2018-02-20,71.77,43.41,170.33
2018-02-21,71.09,42.55,169.82
2018-02-22,70.42,42.47,169.83
2018-02-23,70.78,42.85,173.76
2018-02-26,71.38,43.56,175.47
2018-02-27,70.29,42.62,172.94
2018-02-28,70.41,42.36,171.06
2018-03-01,69.5,42.55,170.62
2018-03-02,69.72,42.82,172.28
2018-03-05,69.67,43.22,176.98
2018-03-06,70.09,43.38,177.19
2018-03-07,70.55,43.33,174.56
2018-03-08,70.97,43.49,174.22
2018-03-09,71.65,43.49,177.89
2018-03-12,71.25,43.3,176.21
2018-03-13,71.58,43.17,176.63
2018-03-14,71.35,42.99,177.39
2018-03-15,69.79,42.85,176.63
2018-03-16,70.3,43.09,175.22
2018-03-19,70.17,42.86,169.93
2018-03-20,70.07,42.31,169.44
2018-03-21,69.75,41.95,169.03
2018-03-22,68.82,41.6,163.9
2018-03-23,67.72,41.07,157.71
2018-03-26,69.99,41.76,163.08
2018-03-27,70.08,41.98,159.32
2018-03-28,69.03,42.59,158.67
2018-03-29,69.28,42.43,158.69
2018-04-02,64.97,41.84,154.57
2018-04-03,66.19,42.15,156.59
2018-04-04,67.72,42.53,161.52
2018-04-05,67.18,42.8,160.11
2018-04-06,66.36,42.13,156.51
2018-04-09,66.52,42.15,157.89
2018-04-10,66.93,43.37,161.16
2018-04-11,66.94,42.75,160.49
2018-04-12,66.4,42.89,159.19
2018-04-13,66.42,42.82,159.62
2018-04-16,67.48,43.47,159.53
2018-04-17,67.63,43.89,162.79
2018-04-18,67.3,43.68,163.0
2018-04-19,66.62,43.51,160.97
2018-04-20,65.5,43.03,159.7
2018-04-23,66.47,43.72,162.58
2018-04-24,66.61,44.62,160.05
2018-04-25,66.68,45.01,162.74
2018-04-26,67.24,44.71,163.24
2018-04-27,67.54,46.33,165.19
2018-04-30,66.36,44.34,162.42
2018-05-01,65.84,43.86,157.58
2018-05-02,63.88,42.9,157.71
2018-05-03,62.52,42.98,154.88
2018-05-04,63.39,43.3,156.36
2018-05-07,63.63,42.88,156.44
2018-05-08,63.1,42.24,156.84
2018-05-09,63.68,41.67,157.91
2018-05-10,64.1,42.41,158.96
2018-05-11,64.6,43.68,161.87
2018-05-14,64.01,43.56,163.79
2018-05-15,63.69,42.94,160.42
2018-05-16,64.9,43.0,163.01
2018-05-17,64.97,42.99,163.81
2018-05-18,64.28,42.89,165.36
2018-05-21,64.26,43.51,165.52
2018-05-22,64.25,43.85,167.29
2018-05-23,65.36,43.65,168.77
2018-05-24,65.67,43.7,166.91
2018-05-25,65.87,43.59,167.18
2018-05-29,66.63,43.3,166.43
2018-05-30,66.75,43.66,169.05
2018-05-31,64.15,42.83,168.47
2018-06-01,64.74,42.95,172.17
2018-06-04,65.22,42.96,173.93
2018-06-05,65.71,43.1,170.45
2018-06-06,64.84,43.49,172.16
2018-06-07,66.28,44.03,171.92
2018-06-08,67.27,44.18,172.86
2018-06-11,68.45,44.29,173.15
2018-06-12,67.96,43.85,173.58
2018-06-13,66.97,42.59,172.28
2018-06-14,67.5,42.96,174.26
2018-06-15,68.28,43.18,173.53
2018-06-18,67.51,42.64,172.53
2018-06-19,67.32,43.57,174.63
2018-06-20,66.68,43.21,174.93
2018-06-21,65.86,43.69,174.44
2018-06-22,65.97,44.71,173.66
2018-06-25,66.39,44.56,173.85
2018-06-26,67.0,44.29,173.13
2018-06-27,65.87,44.3,172.14
2018-06-28,65.85,45.69,171.96
2018-06-29,65.46,45.2,173.13
2018-07-02,63.15,45.3,173.79
2018-07-03,63.54,45.55,174.18
2018-07-05,63.98,46.07,175.73
2018-07-06,63.71,46.25,179.15
2018-07-09,63.35,46.12,182.12
2018-07-10,63.39,46.66,183.54
2018-07-11,62.75,46.66,181.16
2018-07-12,62.71,46.57,182.03
2018-07-13,63.04,46.73,183.75
2018-07-16,62.62,46.89,182.78
2018-07-17,62.33,46.74,181.88
2018-07-18,61.33,46.48,180.83
2018-07-19,61.71,46.13,179.86
2018-07-20,60.96,46.01,178.67
2018-07-23,60.43,46.13,178.18
2018-07-24,59.99,46.82,179.52
2018-07-25,59.54,46.27,181.06
2018-07-26,60.57,46.52,182.0
2018-07-27,60.43,47.27,180.49
2018-07-30,55.83,47.71,178.8
2018-07-31,54.81,46.93,184.35
2018-08-01,54.77,47.02,183.68
2018-08-02,54.72,47.24,184.19
2018-08-03,54.91,47.51,185.7
2018-08-06,56.71,47.7,185.34
2018-08-07,56.93,47.68,187.96
2018-08-08,56.62,47.9,184.02
2018-08-09,56.76,48.18,181.93
2018-08-10,57.22,47.69,182.35
2018-08-13,56.93,47.46,183.47
2018-08-14,56.65,48.05,183.61
2018-08-15,57.05,48.39,183.14
2018-08-16,57.96,49.32,185.48
2018-08-17,59.33,49.8,186.41
2018-08-20,60.28,49.67,186.54
2018-08-21,59.81,49.91,186.31
2018-08-22,59.42,49.21,186.81
2018-08-23,59.52,49.33,185.64
2018-08-24,60.01,49.79,185.67
2018-08-27,59.75,49.85,187.52
2018-08-28,59.39,49.67,187.54
2018-08-29,59.97,49.6,188.61
2018-08-30,59.76,49.76,189.18
2018-08-31,60.01,49.42,188.67
2018-09-04,59.95,48.34,185.76
2018-09-05,59.71,48.92,186.72
2018-09-06,60.26,49.34,185.21
2018-09-07,60.45,49.08,185.35
2018-09-10,60.56,49.19,191.21
2018-09-11,60.69,49.73,188.34
2018-09-12,60.88,49.96,188.37
2018-09-13,60.66,49.93,191.61
2018-09-14,60.57,49.58,189.39
2018-09-17,60.24,49.72,189.61
2018-09-18,59.59,49.43,191.05
2018-09-19,58.81,48.62,191.87
2018-09-20,59.53,49.03,193.66
2018-09-21,58.51,49.46,193.66
2018-09-24,58.27,48.66,195.65
2018-09-25,57.83,48.22,194.95
2018-09-26,57.09,48.3,195.29
2018-09-27,57.12,48.71,197.24
2018-09-28,56.87,48.52,195.73
2018-10-01,56.22,48.93,195.37
2018-10-02,56.39,49.46,196.09
2018-10-03,56.49,49.34,195.36
2018-10-04,57.32,50.01,192.12
2018-10-05,58.8,49.93,192.64
2018-10-08,60.45,50.01,194.1
2018-10-09,60.02,50.53,194.51
2018-10-10,58.53,49.92,189.98
2018-10-11,57.54,49.0,183.04
2018-10-12,57.6,49.37,186.38
2018-10-15,58.37,49.25,184.68
2018-10-16,59.26,49.34,191.05
2018-10-17,59.2,49.58,191.46
2018-10-18,59.62,50.21,191.41
2018-10-19,59.64,50.44,190.55
2018-10-22,59.07,50.52,186.98
2018-10-23,59.38,52.57,186.62
2018-10-24,58.95,52.76,177.4
2018-10-25,58.93,51.85,177.61
2018-10-26,57.77,51.0,175.61
2018-10-29,58.81,51.9,177.69
2018-10-30,59.33,53.46,178.53
2018-10-31,57.24,52.46,182.04
2018-11-01,59.58,51.5,182.14
2018-11-02,58.81,52.03,176.63
2018-11-05,59.27,52.57,179.33
2018-11-06,59.25,52.57,180.11
2018-11-07,59.27,52.97,186.6
2018-11-08,58.75,53.54,185.09
2018-11-09,59.31,53.71,182.39
2018-11-12,58.86,53.95,180.88
2018-11-13,55.57,53.9,180.87
2018-11-14,56.14,54.16,179.74
2018-11-15,56.39,54.28,182.96
2018-11-16,57.53,55.32,184.61
2018-11-19,56.77,55.7,185.3
2018-11-20,56.19,54.63,186.76
2018-11-21,56.28,54.36,183.27
2018-11-23,56.26,53.88,183.08
2018-11-26,56.81,54.37,184.72
2018-11-27,55.74,55.73,187.38
2018-11-28,54.45,55.18,191.49
2018-11-29,55.5,54.62,192.39
2018-11-30,56.68,55.41,197.98
2018-12-03,57.95,53.44,192.93
2018-12-04,56.0,53.37,188.01
2018-12-06,55.67,53.37,189.2
2018-12-07,54.05,53.0,182.0
2018-12-10,53.28,53.54,184.52
2018-12-11,53.65,54.07,186.51
2018-12-12,53.54,52.6,186.73
2018-12-13,53.92,52.46,187.79
2018-12-14,53.17,52.45,182.6
2018-12-17,51.41,51.41,180.71
2018-12-18,50.37,51.13,177.88
2018-12-19,50.65,51.33,176.35
2018-12-20,51.29,50.6,175.84
2018-12-21,49.74,50.46,171.33
2018-12-24,48.8,48.74,169.61
2018-12-26,50.06,50.02,178.6
2018-12-27,50.47,50.67,180.95
2018-12-28,50.33,50.78,181.33
2018-12-31,51.35,51.66,185.07
2019-01-02,51.3,51.47,182.44
2019-01-03,52.4,51.66,179.66
2019-01-04,53.04,51.79,185.81
2019-01-07,53.9,52.12,188.31
2019-01-08,55.34,53.64,190.72
2019-01-09,54.38,52.97,190.49
2019-01-10,55.35,53.48,192.69
2019-01-11,55.61,53.87,190.67
2019-01-14,55.55,53.88,187.08
2019-01-15,56.34,53.95,189.55
2019-01-16,56.25,53.0,189.09
2019-01-17,57.11,52.77,191.97
2019-01-18,58.62,53.01,193.83
2019-01-22,57.76,52.92,192.02
2019-01-23,58.17,53.63,191.62
2019-01-24,57.78,52.99,191.06
2019-01-25,58.39,52.37,188.97
2019-01-28,59.42,51.13,182.49
2019-01-29,59.41,49.47,182.64
2019-01-30,59.77,50.14,175.75
2019-01-31,59.54,51.13,177.89
2019-02-01,59.54,50.65,177.85
2019-02-04,59.41,50.18,177.0
2019-02-05,59.32,50.27,179.03
2019-02-06,58.56,49.95,181.36
2019-02-07,57.81,49.74,175.15
2019-02-08,57.01,50.09,176.83
2019-02-11,57.15,50.19,176.63
2019-02-12,59.02,50.53,179.14
2019-02-13,58.36,50.59,179.66
2019-02-14,58.83,50.17,178.86
2019-02-15,60.2,51.22,180.45
2019-02-19,60.52,51.48,179.13
2019-02-20,61.16,51.78,179.09
2019-02-21,60.64,52.14,177.73
2019-02-22,60.89,52.85,179.64
2019-02-25,59.92,52.72,181.85
2019-02-26,59.4,52.59,182.11
2019-02-27,59.28,52.67,183.4
2019-02-28,59.65,52.85,182.11
2019-03-01,60.16,52.89,183.15
2019-03-04,60.23,52.22,181.83
2019-03-05,61.89,52.07,180.91
2019-03-06,61.47,51.7,175.47
2019-03-07,62.02,52.28,173.85
2019-03-08,60.73,52.49,173.29
2019-03-11,62.13,53.46,176.42
2019-03-12,61.73,53.33,176.46
2019-03-13,62.34,53.54,179.5
2019-03-14,62.77,53.81,179.89
2019-03-15,63.09,54.22,183.22
2019-03-18,63.2,53.92,183.29
2019-03-19,63.63,53.39,183.46
2019-03-20,62.77,53.55,183.11
2019-03-21,64.35,54.12,183.85
2019-03-22,64.44,55.49,178.88
2019-03-25,65.26,55.79,178.77
2019-03-26,65.64,56.3,180.38
2019-03-27,65.78,56.53,178.51
2019-03-28,66.64,54.86,179.79
2019-03-29,67.17,54.9,182.02
2019-04-01,67.43,54.87,183.73
2019-04-02,67.0,54.35,184.36
2019-04-03,66.68,54.66,184.83
2019-04-04,67.75,54.77,184.27
2019-04-05,67.52,54.87,187.22
2019-04-08,68.14,54.9,186.71
2019-04-09,67.3,54.79,184.89
2019-04-10,68.35,54.98,185.76
2019-04-11,68.85,54.94,184.06
2019-04-12,68.53,55.1,183.4
2019-04-15,69.08,55.08,183.19
2019-04-16,69.71,55.15,180.17
2019-04-17,70.89,54.2,174.82
2019-04-18,71.09,54.45,170.03
2019-04-22,70.48,54.76,168.97
2019-04-23,72.02,53.61,172.23
2019-04-24,71.36,53.55,170.83
2019-04-25,71.22,52.39,172.92
2019-04-26,71.74,53.08,173.86
2019-04-29,71.78,53.32,173.58
2019-04-30,72.57,53.65,171.8
2019-05-01,72.36,53.02,168.76
2019-05-02,72.67,53.46,169.1
2019-05-03,72.64,53.7,169.88
2019-05-06,74.54,53.39,169.64
2019-05-07,74.35,53.13,166.58
2019-05-08,74.96,52.89,164.93
2019-05-09,75.4,52.98,165.62
2019-05-10,77.21,53.39,164.65
2019-05-13,76.98,53.24,160.58
2019-05-14,78.91,53.05,160.78
2019-05-15,79.56,53.29,162.75
2019-05-16,79.91,53.83,164.19
2019-05-17,79.8,54.5,164.18
2019-05-20,79.2,55.36,162.71
2019-05-21,77.98,55.82,163.97
2019-05-22,78.61,55.58,165.52
2019-05-23,79.05,55.23,166.3
2019-05-24,78.8,55.65,165.5
2019-05-28,77.69,55.1,163.15
2019-05-29,73.79,54.58,163.47
2019-05-30,74.6,53.31,163.34
2019-05-31,73.78,50.99,161.08
2019-06-03,75.88,52.89,166.55
2019-06-04,77.12,52.74,168.84
2019-06-05,78.36,53.5,168.66
2019-06-06,79.52,53.98,168.56
2019-06-07,80.15,53.7,169.59
2019-06-10,80.19,52.68,169.66
2019-06-11,80.02,53.31,168.73
2019-06-12,79.61,53.81,169.68
2019-06-13,80.23,54.05,170.75
2019-06-14,79.63,54.67,170.14
2019-06-17,76.34,54.06,172.37
2019-06-18,75.03,53.78,175.48
2019-06-19,75.59,54.06,176.6
2019-06-20,76.44,53.79,177.87
2019-06-21,77.08,54.19,180.8
2019-06-24,78.57,54.66,178.59
2019-06-25,77.74,54.41,178.22
2019-06-26,77.3,53.46,176.99
2019-06-27,77.43,53.71,177.81
2019-06-28,78.49,53.59,178.06
2019-07-01,78.7,53.15,180.06
2019-07-02,79.02,54.53,180.34
2019-07-03,79.87,54.53,182.22
2019-07-05,80.33,54.7,179.67
2019-07-08,79.64,54.31,176.09
2019-07-09,79.86,53.48,175.46
2019-07-10,79.74,54.04,176.12
2019-07-11,79.16,53.97,171.99
2019-07-12,79.11,54.22,169.03
2019-07-15,79.47,54.59,170.18
2019-07-16,76.92,54.43,171.48
2019-07-17,76.93,54.25,171.09
2019-07-18,78.7,54.24,173.48
2019-07-19,78.55,53.65,172.37
2019-07-22,79.06,52.62,169.96
2019-07-23,79.74,52.6,170.07
2019-07-24,78.78,53.07,169.84
2019-07-25,79.39,53.44,168.24
2019-07-26,78.72,54.12,169.42
2019-07-29,78.99,54.39,170.14
2019-07-30,79.06,53.69,170.5
2019-07-31,77.28,52.4,180.29
2019-08-01,78.15,52.39,179.73
2019-08-02,77.54,52.71,180.9
2019-08-05,81.49,52.36,175.38
2019-08-06,82.65,52.19,178.24
2019-08-07,83.81,52.23,177.35
2019-08-08,86.23,52.92,178.98
2019-08-09,85.91,52.89,189.63
2019-08-12,85.81,52.8,198.84
2019-08-13,85.37,53.45,199.17
2019-08-14,83.37,52.83,193.56
2019-08-15,85.41,53.38,193.99
2019-08-16,85.26,53.71,198.57
2019-08-19,85.03,54.04,200.5
2019-08-20,85.78,53.35,197.75
2019-08-21,87.29,53.65,198.5
2019-08-22,89.11,53.84,197.99
2019-08-23,87.42,53.02,193.77
2019-08-26,88.89,53.77,199.93
2019-08-27,87.46,54.21,200.98
2019-08-28,88.06,54.94,201.98
2019-08-29,89.53,54.93,201.46
2019-08-30,90.82,55.14,203.05
2019-09-03,91.06,55.03,200.03
2019-09-04,84.0,55.16,200.81
2019-09-05,83.22,55.55,202.11
2019-09-06,83.98,56.0,202.19
2019-09-09,81.56,55.62,196.94
2019-09-10,79.51,56.61,191.62
2019-09-11,80.35,57.01,190.61
2019-09-12,81.48,57.3,188.82
2019-09-13,83.14,56.85,190.25
2019-09-16,84.28,56.41,188.9
2019-09-17,86.76,56.76,191.47
2019-09-18,86.16,56.82,189.83
2019-09-19,86.06,56.87,190.43
2019-09-20,85.3,57.16,191.68
2019-09-23,83.74,57.09,192.48
2019-09-24,84.22,57.37,191.3
2019-09-25,83.92,57.14,190.83
2019-09-26,84.39,57.31,190.17
2019-09-27,83.16,57.17,189.74
2019-09-30,84.08,57.23,188.34
2019-10-01,81.33,56.75,188.03
2019-10-02,80.4,55.85,184.16
2019-10-03,80.14,55.95,187.48
2019-10-04,80.28,56.79,190.37
2019-10-07,79.22,57.13,191.91
2019-10-08,78.51,56.62,190.85
2019-10-09,79.78,56.73,191.44
2019-10-10,80.17,57.32,193.38
2019-10-11,81.6,57.41,195.44
2019-10-14,82.05,57.1,197.47
2019-10-15,81.74,58.01,199.2
2019-10-16,79.9,57.76,197.79
2019-10-17,79.43,57.87,198.13
2019-10-18,80.45,58.48,197.31
2019-10-21,79.04,58.2,197.51
2019-10-22,77.28,58.22,199.36
2019-10-23,75.65,58.32,197.89
2019-10-24,75.96,58.03,197.64
2019-10-25,76.61,57.83,197.63
2019-10-28,80.12,57.65,199.54
2019-10-29,80.32,57.66,203.41
2019-10-30,79.84,58.26,205.25
2019-10-31,80.81,57.93,207.56
2019-11-01,81.7,57.83,212.13
2019-11-04,80.09,57.35,208.69
2019-11-05,79.97,57.0,209.34
2019-11-06,81.48,57.6,210.62
2019-11-07,81.26,57.99,212.17
2019-11-08,80.66,56.86,215.21
2019-11-11,80.75,57.11,214.81
2019-11-12,86.76,56.83,215.4
2019-11-13,86.75,56.91,213.81
2019-11-14,88.18,56.85,214.08
2019-11-15,88.17,57.01,216.39
2019-11-18,87.83,56.94,216.21
2019-11-19,88.38,57.0,219.96
2019-11-20,88.45,56.98,220.95
2019-11-21,86.41,57.11,223.21
2019-11-22,84.35,57.24,226.07
2019-11-25,86.51,56.88,229.79
2019-11-26,87.56,57.37,229.65
2019-11-27,88.35,57.57,229.79
2019-11-29,88.15,57.71,229.97
2019-12-02,87.85,57.44,228.76
2019-12-03,87.23,57.61,228.06
2019-12-04,87.51,57.99,229.15
2019-12-05,87.73,58.26,228.69
2019-12-06,87.72,58.62,229.04
2019-12-09,87.94,58.45,228.11
2019-12-10,86.9,58.66,229.11
2019-12-11,86.78,58.51,229.28
2019-12-12,85.82,58.6,231.22
2019-12-13,86.27,58.25,231.95
2019-12-16,88.21,58.66,238.28
2019-12-17,88.63,58.91,237.93
2019-12-18,87.14,58.3,237.05
2019-12-19,88.0,58.25,236.95
2019-12-20,89.1,59.46,238.14
2019-12-23,89.62,58.82,238.11
2019-12-24,89.39,58.7,237.43
2019-12-26,89.53,58.71,237.01
2019-12-27,89.65,58.94,236.64
2019-12-30,88.59,58.64,235.41
2019-12-31,89.28,58.82,236.19
2020-01-02,88.23,58.48,235.24
2020-01-03,88.83,57.86,233.65
2020-01-06,88.41,57.74,235.44
2020-01-07,87.12,57.1,233.22
2020-01-08,87.66,57.2,233.4
2020-01-09,87.48,56.97,234.1
2020-01-10,90.14,57.1,233.44
2020-01-13,91.65,57.26,232.13
2020-01-14,90.16,57.15,235.14
2020-01-15,89.03,57.21,236.81
2020-01-16,88.28,57.76,235.63
2020-01-17,88.12,58.21,236.6
2020-01-21,85.78,58.39,232.79
2020-01-22,85.92,58.54,231.96
2020-01-23,86.26,58.57,230.28
2020-01-24,84.27,58.35,221.03
2020-01-27,82.52,57.99,218.44
2020-01-28,82.93,58.76,220.29
2020-01-29,82.78,57.62,222.55
2020-01-30,83.11,57.46,221.57
2020-01-31,81.03,57.54,211.68
2020-02-03,81.66,56.19,212.49
2020-02-04,82.27,56.42,217.32
2020-02-05,82.48,57.24,227.25
2020-02-06,78.23,57.54,226.77
2020-02-07,78.8,58.02,224.69
2020-02-10,80.0,58.31,222.82
2020-02-11,79.42,56.81,224.33
2020-02-12,78.81,56.37,222.41
2020-02-13,79.61,56.77,220.1
2020-02-14,78.95,56.64,220.53
2020-02-18,78.6,56.06,218.76
2020-02-19,76.32,56.36,220.02
2020-02-20,77.28,56.23,219.21
2020-02-21,76.32,56.34,219.85
2020-02-24,74.13,56.13,215.0
2020-02-25,70.32,55.29,207.6
2020-02-26,69.72,55.31,211.71
2020-02-27,68.26,53.3,200.81
2020-02-28,66.92,52.43,197.09
2020-03-02,69.6,55.49,209.4
2020-03-03,67.58,53.92,201.72
2020-03-04,69.45,56.26,212.27
2020-03-05,66.11,55.33,209.32
2020-03-06,63.78,55.05,207.87
2020-03-09,60.06,54.04,195.75
2020-03-10,61.92,54.71,204.07
2020-03-11,57.77,53.07,196.03
2020-03-12,51.11,49.56,179.83
2020-03-13,51.81,52.44,199.43
2020-03-16,44.45,49.36,186.19
2020-03-17,47.22,52.57,205.06
2020-03-18,43.59,52.58,202.17
2020-03-19,53.48,51.9,196.14
2020-03-20,52.9,50.14,185.76
2020-03-23,56.83,48.7,183.48
2020-03-24,59.19,48.39,199.67
2020-03-25,62.34,48.34,190.59
2020-03-26,60.41,51.83,195.87
2020-03-27,57.81,51.08,195.65
2020-03-30,58.36,53.02,205.73
2020-03-31,57.1,52.01,200.05
2020-04-01,54.6,51.23,195.2
2020-04-02,53.43,53.48,206.12
2020-04-03,53.1,52.95,202.7
2020-04-06,55.69,54.89,208.79
2020-04-07,56.6,55.16,206.02
2020-04-08,57.63,55.95,216.3
2020-04-09,60.12,56.2,215.33
2020-04-13,61.35,55.44,215.39
2020-04-14,60.59,56.88,223.81
2020-04-15,59.34,55.7,218.87
2020-04-16,60.06,56.41,227.85
2020-04-17,61.51,57.19,231.87
2020-04-20,63.01,56.87,233.48
2020-04-21,61.08,55.59,227.7
2020-04-22,59.12,56.73,226.26
2020-04-23,60.08,56.34,229.42
2020-04-24,58.19,56.68,233.16
2020-04-27,58.88,56.56,239.23
2020-04-28,61.96,56.58,234.53
2020-04-29,62.45,56.86,232.58
2020-04-30,61.36,56.21,236.06
2020-05-01,59.21,55.6,227.93
2020-05-04,54.58,55.02,227.86
2020-05-05,56.23,55.29,233.24
2020-05-06,54.05,54.44,233.47
2020-05-07,56.49,54.38,230.25
2020-05-08,59.58,55.77,231.72
2020-05-11,59.95,55.18,239.53
2020-05-12,59.28,54.26,234.08
2020-05-13,57.34,53.66,233.7
2020-05-14,58.37,53.72,234.84
2020-05-15,57.43,53.53,238.61
2020-05-18,60.02,54.51,231.64
2020-05-19,57.58,53.2,225.92
2020-05-20,59.84,53.09,226.36
2020-05-21,58.46,52.8,223.29
2020-05-22,58.4,52.93,224.93
2020-05-26,60.81,53.12,220.93
2020-05-27,61.91,53.95,223.32
2020-05-28,61.82,54.51,222.64
2020-05-29,61.03,56.14,228.18
2020-06-01,62.19,54.57,225.41
2020-06-02,62.08,55.18,222.24
2020-06-03,59.7,55.6,219.53
2020-06-04,63.64,55.98,219.42
2020-06-05,64.49,56.49,224.17
2020-06-08,68.21,56.83,224.25
2020-06-09,66.33,56.61,223.41
2020-06-10,64.11,56.79,225.61
2020-06-11,59.45,55.23,217.45
2020-06-12,61.79,55.31,216.46
2020-06-15,62.34,54.93,218.32
2020-06-16,64.42,55.69,225.37
2020-06-17,63.07,55.42,224.47
2020-06-18,63.59,55.66,228.79
2020-06-19,62.8,54.94,237.12
2020-06-22,61.01,54.46,232.64
2020-06-23,60.75,53.75,234.19
2020-06-24,59.05,52.76,230.97
2020-06-25,59.47,53.11,233.55
2020-06-26,57.89,52.01,231.3
2020-06-29,58.87,53.51,230.02
2020-06-30,59.31,53.94,234.3
2020-07-01,58.18,53.49,253.43
2020-07-02,58.06,53.6,256.53
2020-07-06,59.06,54.04,254.55
2020-07-07,58.3,53.85,251.47
2020-07-08,57.55,54.18,249.92
2020-07-09,55.21,53.37,249.99
2020-07-10,58.13,53.92,247.39
2020-07-13,57.63,53.88,248.38
2020-07-14,58.42,54.86,251.41
2020-07-15,60.12,54.48,251.63
2020-07-16,59.97,55.19,253.51
2020-07-17,60.42,55.71,256.75
2020-07-20,59.76,55.28,259.22
2020-07-21,60.18,55.25,256.2
2020-07-22,59.95,55.17,255.28
2020-07-23,60.51,55.26,250.57
2020-07-24,60.42,56.25,246.34
2020-07-27,60.57,56.27,251.97
2020-07-28,60.34,56.88,253.58
2020-07-29,61.59,56.85,247.2
2020-07-30,61.16,56.7,244.51
2020-07-31,61.04,56.88,243.05
2020-08-03,62.02,56.64,245.72
2020-08-04,64.69,57.3,241.97
2020-08-05,62.51,56.94,239.87
2020-08-06,62.05,57.22,239.95
2020-08-07,62.38,57.92,239.09
2020-08-10,64.13,58.37,236.59
2020-08-11,64.78,57.9,233.09
2020-08-12,65.27,57.99,240.12
2020-08-13,64.17,57.91,238.87
2020-08-14,63.52,58.17,239.71
2020-08-17,63.26,58.16,243.01
2020-08-18,63.25,58.56,241.5
2020-08-19,63.06,58.43,240.49
2020-08-20,62.48,58.34,238.73
2020-08-21,62.5,58.37,237.64
2020-08-24,63.13,58.95,235.57
2020-08-25,63.12,58.8,248.22
2020-08-26,63.03,58.84,250.18
2020-08-27,63.54,58.81,252.81
2020-08-28,63.49,58.64,253.12
2020-08-31,62.8,58.65,253.32
2020-09-01,62.64,58.54,250.86
2020-09-02,63.39,59.9,258.12
2020-09-03,61.64,59.97,247.91
2020-09-04,62.42,59.85,248.4
2020-09-08,61.57,59.33,241.18
2020-09-09,61.24,59.41,245.57
2020-09-10,63.45,58.91,240.64
2020-09-11,63.72,59.16,243.21
2020-09-14,65.31,59.69,246.75
2020-09-15,65.25,59.96,248.35
2020-09-16,65.21,59.74,247.76
2020-09-17,63.75,59.95,248.08
2020-09-18,62.03,59.72,247.72
2020-09-21,59.85,58.98,243.19
2020-09-22,59.39,59.19,247.5
2020-09-23,57.09,58.29,242.59
2020-09-24,56.9,58.57,240.32
2020-09-25,59.18,58.77,243.82
2020-09-28,59.76,58.74,247.03
2020-09-29,58.96,58.62,248.3
2020-09-30,59.48,58.87,254.16
2020-10-01,59.22,58.83,255.39
2020-10-02,59.31,58.62,245.41
2020-10-05,59.0,59.03,256.01
2020-10-06,58.61,58.84,252.69
2020-10-07,58.77,58.98,257.67
2020-10-08,58.99,59.19,240.09
2020-10-09,57.98,59.33,236.7
2020-10-12,58.97,59.55,239.51
2020-10-13,58.96,59.36,239.34
2020-10-14,59.28,58.43,237.65
2020-10-15,60.49,58.16,235.01
2020-10-16,59.71,58.05,235.72
2020-10-19,58.31,57.3,230.71
2020-10-20,57.86,57.25,231.1
2020-10-21,59.17,56.75,228.97
2020-10-22,59.44,57.33,227.98
2020-10-23,60.05,57.96,227.16
2020-10-26,57.46,57.81,224.89
2020-10-27,57.67,57.38,223.46
2020-10-28,56.76,56.31,216.38
2020-10-29,57.24,56.76,217.82
2020-10-30,57.23,56.99,216.94
2020-11-02,57.63,57.7,220.21
2020-11-03,56.49,57.75,220.06
2020-11-04,56.54,57.22,230.33
2020-11-05,57.71,58.15,231.97
2020-11-06,57.33,58.53,231.67
2020-11-09,60.35,59.84,235.0
2020-11-10,60.46,61.1,241.6
2020-11-11,61.11,61.0,240.69
2020-11-12,60.83,60.79,237.14
