symbol,year,period,capex,cashDividendsPaid,cashInterestPaid,cashTaxesPaid,changeinCash,changesinWorkingCapital,deferredTaxesInvestmentTaxCredit,depreciationAmortization,foreignExchangeEffects,issuanceReductionCapitalStock,issuanceReductionDebtNet,netCashFinancingActivities,netIncomeStartingLine,netInvestingCashFlow,netOperatingCashFlow,otherFundsFinancingItems,otherFundsNonCashItems,otherInvestingCashFlowItemsTotal
ADBE,2019,2019-11-29,-394.479,,152.075,352.478,1007.446,-22.935,2.707,736.669,-12.739,-2517.068,0,-2946.044,2951.458,-455.584,4421.813,-428.976,753.914,-61.105
ADBE,2018,2018-11-30,-266.579,,81.258,210.369,-663.297,943.426,-468.936,346.492,-1.738,-1859.01,2246.635,-5.568,2590.774,-4685.295,4029.304,-393.193,617.548,-4418.716
ADBE,2017,2017-12-01,-178.122,,69.43,396.668,1294.757,390.715,51.605,325.997,8.516,-941.649,-1.96,-1183.735,1693.954,-442.877,2912.853,-240.126,450.582,-264.755
ADBE,2016,2016-12-02,-203.805,,66.193,249.884,134.755,320.113,24.222,331.535,-14.234,-929.303,-0.108,-1090.706,1168.782,-960.033,2199.728,-161.295,355.076,-756.228
ADBE,2015,2015-11-27,-184.936,,56.014,203.01,-240.84,263.705,-69.657,339.473,-21.297,-460.73,387.091,-200.687,629.551,-1488.358,1469.502,-127.048,306.43,-1303.422
ADBE,2014,2014-11-28,-148.3,,68.9,20.1,282.8,396.1,-26.1,313.6,-6.6,-372.2,-14.7,-507.3,268.4,-490.7,1287.5,-120.4,335.5,-342.4
ADBE,2013,2013-11-29,-188.4,,64.8,129.7,-590.5,165.4,29.7,321.2,-5.2,-599.2,-0.2,-559.1,290,-1177.8,1151.7,40.3,345.4,-989.4
ADBE,2012,2012-11-30,-271.1,,66.3,201.1,435.6,11.5,89.2,299.8,5.4,-235.7,-6.7,-234.7,832.8,-834.7,1499.6,7.7,266.3,-563.6
ADBE,2011,2011-12-02,-210.3,,64,158.4,239.6,92.5,51.4,270.2,4.1,-550.3,-10,-550.4,832.8,-757.4,1543.3,9.9,296.4,-547.1
ADBE,2010,2010-12-03,-169.6,,34.6,389.1,-249.6,-22.6,-172.3,292.7,12,-710.8,489.7,-215.3,774.7,-1159.3,1113,5.8,240.5,-989.7
ADBE,2009,2009-11-27,-119.6,,2.1,105.2,113,183.2,49.6,282.4,14.7,-170.4,636.1,477.7,386.5,-1497.1,1117.8,12,216,-1377.5
ADBE,2008,2008-11-28,-111.8,,9.6,126.3,-60,-126.2,46.6,270.3,-14.4,-1403.6,350,-1021.6,871.8,-304.7,1280.7,32,218.3,-192.9
ADBE,2007,2007-11-30,-132.1,0,,55.2,173.9,71.8,58.4,315.5,1.7,-1435.4,,-1350.4,723.8,83.3,1439.3,85.1,269.8,215.4
ADBE,2006,2006-12-01,-83.3,0,,36.6,351.7,-53.8,-4.3,307.8,3.9,-854.9,,-774.7,505.8,195.2,927.2,80.2,171.7,278.4
ADBE,2005,2005-12-02,-48.9,-3,,78.6,161.8,-15.8,-7.1,64.3,-1.6,-243.6,,-246.6,602.8,-320.4,730.4,0,86.1,-271.5
ADBE,2004,2004-12-03,-63.2,-11.9,,61.4,186.2,30.3,46.3,60.8,3.6,-212.6,,-224.5,450.4,-276.6,683.7,,96,-213.4
ADBE,2003,2003-11-28,-39.5,-11.6,,18.7,6.2,26.7,36.5,49,4.5,128.6,,117,266.3,-548.4,433.1,,54.6,-508.9
ADBE,2002,2002-11-29,-31.6,-11.9,,32.8,-35,19,-5.5,63.5,1.2,-211.4,,-223.3,191.4,-142.3,329.3,,60.9,-110.7
ADBE,2001,2001-11-30,-43.2,-12,,16.9,-18.2,16,-17.6,56.6,-0.9,-397.6,,-409.6,205.6,-26.4,418.7,,158,16.7
ADBE,2000,2000-12-01,-29.8,-12,,13.2,65.7,-16.8,1.4,43.3,-2.5,-136.3,,-148.3,287.8,-228.1,444.6,,128.9,-198.2
ADBE,1999,1999-12-03,-42.2,-12.2,,68.8,60.3,65.9,0.7,50.8,-0.6,-335.2,,-347.5,237.8,74.2,334.2,,-20.9,116.4
ADBE,1998,1998-11-27,-59.7,-16.3,0,22.5,-156.7,36.7,-6.8,56.3,1.9,-305.5,,-321.8,105.1,-40.3,203.5,,12.2,19.4
ADBE,1997,1997-11-28,-33.9,-20.9,0,85.1,156.8,-36,-4.2,59.4,0.5,-198.3,0,-219.2,186.8,166.9,208.6,0,2.6,200.7
ADBE,1996,1996-11-29,-45.9,-14.6,0,30.5,52.3,33.5,-9.4,55.6,2.5,-86.9,0,-101.5,153.3,-46.9,198.1,0,-34.8,-1
ADBE,1995,1995-12-01,-36.2,-12.3,0,44.5,-145.6,-28.7,-6.8,60.4,0,52.5,,33.3,93.5,-355.9,177,-6.9,58.6,-319.7
ADBE,1994,1994-11-25,-37.7,-9.9,0,25.9,56.1,39.3,-12.5,53.2,-1.3,34.9,,21.4,6.3,-106.6,142.5,-3.6,56.2,-68.9
ADBE,1993,1993-11-26,-4.6,-8.5,0,20.3,47.5,23.8,-1,26,,-3.7,,-12.3,57,-47.9,107.7,,1.8,-43.3
ADBE,1992,1992-11-27,-17.7,-7.2,,13.5,16.9,19.2,-10,19,,-2.5,,-9.7,43.6,-53.8,80.4,,8.6,-36.1
ADBE,1991,1991-11-29,-17.2,-6.5,0,15.1,10.8,8.4,1.7,15.2,0,12.3,0,5.8,51.6,-74.1,79.1,0,2.2,-56.9
ADBE,1990,1990-11-30,-10.7,-4.7,0,20.1,6.4,-4.7,0.9,11.1,0,6,0,1.3,40.1,-43.6,48.7,0,1.3,-33
ADBE,1989,1989-11-30,-7.1,-4,0.1,19,-0.3,5.7,-2.1,5.7,0,-17,0,-21,33.7,-22.8,43.5,0,0.5,-15.8
ADBE,1988,1988-11-30,-7.1,-1.6,0.1,13.3,7.2,2.7,0,3.3,0,1.2,-0.3,-0.8,21.1,-19.2,27.2,0,0.1,-12.1
ADBE,1987,1987-11-30,-4.8,,0,7.6,4.5,-1.9,0,1.6,0,0.1,0,0.7,9,-5,8.8,0.6,0.1,-0.2
ADBE,1986,1986-11-30,-2.3,0,0,3.1,10.1,2.2,0.5,0.7,0,5.4,0,5.4,3.6,-2.3,7,0,0,0
ADBE,1985,1985-11-30,-1.3,0,0,0,-0.6,-0.5,0.3,0.3,0,0,0,0,0.5,-1.2,0.6,0,0,0
ADBE,1984,1984-11-30,-0.5,0,0,0,2.3,0,0,0.2,0,2.5,0,2.5,0.1,-0.4,0.3,0,0,0
BABA,2020,2020-03-31,-45386,,5066,21474,147488,21418,-3443,42427,4100,91506,-16022,70853,140350,-108072,180607,-4631,-20145,-62686
BABA,2019,2019-03-31,-35482,,4972,15713,-4232,32250,-2197,37080,3245,-10518,-4231,-7392,80234,-151060,150975,7357,3608,-115578
BABA,2018,2018-03-31,-19628,,4972,15713,56335,22725,976,22020,-6065,399,33345,20359,61412,-83764,125805,-13385,18672,-64136
BABA,2017,2017-03-31,-11006,,2465,9652,38227,9787,281,14292,2038,1512,29333,32914,41226,-79579,82854,2069,17268,-68573
BABA,2016,2016-03-31,-10845,0,1560,6465,-1375,6953,1226,7048,466,-19102,2478,-15846,71289,-42831,56836,778,-29680,-31986
BABA,2015,2015-03-31,-7705,0,956,3458,75148,1559,1659,4499,-112,61438,26044,87497,24320,-53454,41217,119,9180,-45749
BABA,2014,2014-03-31,-4776,-208,1220,722,2649,-4493,1466,1654,-97,-3208,12789,9364,23403,-32997,26379,-9,4349,-28221
BABA,2013,2013-03-31,-2503,-103,912,1469,13539,3136,104,935,-76,-12777,26932,-1406,8649,545,14476,-15458,1652,3048
BABA,2012,2012-03-31,-2168,0,16,461,9571,1788,150,870,-54,197,121,475,4665,-125,9275,157,1802,2043
GOOGL,2019,2019-12-31,-23548,,,8203,1797,819,173,11781,-23,-18396,-268,-23209,34343,-29491,54520,-4545,7404,-5943
GOOGL,2018,2018-12-31,-25139,,69,5671,5986,4908,778,9035,-302,-8125,-61,-13179,30736,-28504,47971,-4993,2514,-3365
GOOGL,2017,2017-12-31,-13184,,84,6191,-2203,9246,258,6915,405,-4046,-86,-8298,12662,-31401,37091,-4166,8010,-18217
GOOGL,2016,2016-12-31,-10212,,84,1643,-3631,3300,-38,6144,-170,-3693,-1335,-8332,19478,-31165,36036,-3304,7152,-20953
GOOGL,2015,2015-12-31,-9950,,96,3651,-1798,-409,-179,5063,-434,-1780,-23,-4225,16348,-23711,26572,-2422,5749,-13761
GOOGL,2014,2014-12-31,-11014,,86,3138,-551,672,-104,4979,-433,0,-18,-2087,14136,-21055,23024,-2069,3341,-10041
GOOGL,2013,2013-12-31,-7358,,72,1932,4120,156,-437,3939,-3,0,-557,-857,12733,-13679,18659,-300,2268,-6321
GOOGL,2012,2012-12-31,-3273,,74,2034,4795,898,-266,2962,3,0,1328,1229,10737,-13056,16619,-99,2288,-9783
GOOGL,2011,2011-12-31,-3438,,40,1471,-3647,630,343,1851,22,0,726,807,9737,-19041,14565,81,2004,-15603
GOOGL,2010,2010-12-31,-4018,,0,2175,3432,-99,9,1396,-19,-801,3463,3050,8505,-10680,11081,388,1270,-6662
GOOGL,2009,2009-12-31,-810,,0,1896,1541,486,-268,1524,11,0,0,233,6520,-8019,9316,233,1054,-7209
GOOGL,2008,2008-12-31,-2358,,2,1224,2575,327,-225,1500,-46,0,0,88,4227,-5319,7853,88,2024,-2961
GOOGL,2007,2007-12-31,-2403,,1,883,2537,319,-164,968,40,0,0,403,4204,-3682,5775,403,450,-1279
GOOGL,2006,2006-12-31,-1903,,0,538,-333,42,,572,20,2064,0,2966,3077,-6899,3581,903,-111,-4996
GOOGL,2005,2005-12-31,-853,,0,154,3450,44,,294,-22,4287,-1,4371,1465,-3358,2459,85,656,-2505
GOOGL,2004,2004-12-31,-356,,1,184,278,-253,,149,8,1183,-5,1195,399,-1901,977,16,683,-1545
GOOGL,2003,2003-12-31,-177,,2,247,91,-6,0,50,2,0,-7,8,106,-314,395,15,246,-137
GOOGL,2002,2002-12-31,-37,,2,74,40,15,-10,18,0,0,-8,-5,100,-110,155,2,33,-73
GOOGL,2001,2001-12-31,-13,,2,1,0,0,-2,10,0,1,-5,-2,7,-29,31,1,17,-16
AAPL,2019,2019-09-28,-10495,-14119,3423,15263,24311,-3488,-340,12547,,-66116,-7819,-90976,55256,45896,69391,-2922,5416,56391
AAPL,2018,2018-09-29,-13313,-13712,3022,10417,5624,34694,-32590,10903,,-72069,432,-87876,59531,16066,77434,-2527,4896,29379
AAPL,2017,2017-09-30,-12451,-12769,2092,11591,-195,-4923,5966,10157,,-32345,29014,-17974,48351,-46446,64225,-1874,4674,-33995
AAPL,2016,2016-09-24,-12734,-12150,1316,10444,-636,405,4938,10505,,-29227,22057,-20890,45687,-45977,66231,-1570,4696,-33243
AAPL,2015,2015-09-26,-11488,-11561,514,13252,7276,11647,1382,11257,,-34710,29305,-17716,53394,-56274,81266,-750,3586,-44786
AAPL,2014,2014-09-27,-9813,-11126,339,10026,-415,7047,2347,7946,,-44270,18266,-37549,39510,-22579,59713,-419,2863,-12766
AAPL,2013,2013-09-28,-9076,-10564,,9128,3513,6478,1141,6757,,-22330,16896,-16379,37037,-33774,53666,-381,2253,-24698
AAPL,2012,2012-09-29,-9402,-2488,,7682,931,-299,4405,3277,,665,,-1698,41733,-48227,50856,125,1740,-38825
AAPL,2011,2011-09-24,-7452,0,,3338,-1446,5757,2868,1814,,831,,1444,25922,-40419,37529,613,1168,-32967
AAPL,2010,2010-09-25,-2121,,,2697,5998,1212,1440,1027,,912,,1257,14013,-13854,18595,345,903,-11733
AAPL,2009,2009-09-26,-1213,,,2997,-6612,-586,1040,734,,475,,663,8235,-17434,10159,188,736,-16221
AAPL,2008,2008-09-27,-1199,,,1267,2523,4119,-368,473,,483,,1116,4834,-8189,9596,633,538,-6990
AAPL,2007,2007-09-29,-986,,0,863,2960,1325,78,317,,365,,739,3496,-3249,5470,374,254,-2263
AAPL,2006,2006-09-30,-657,,0,194,2901,-221,53,225,,-37,0,324,1989,357,2220,361,174,1014
AAPL,2005,2005-09-24,-260,,0,17,522,465,52,179,0,543,0,543,1335,-2556,2535,,504,-2296
AAPL,2004,2004-09-25,-176,,10,-7,-427,448,20,150,0,427,-300,127,276,-1488,934,,40,-1312
AAPL,2003,2003-09-27,-164,,20,45,1144,126,-11,113,0,27,,27,69,828,289,,-8,992
AAPL,2002,2002-09-28,-174,,20,11,-58,-103,-34,114,0,105,,105,65,-252,90,,48,-78
AAPL,2001,2001-09-29,-232,,20,42,1119,211,-36,100,0,42,0,42,-25,892,185,,-65,1124
AAPL,2000,2000-09-30,-107,,10,47,-135,184,163,84,0,-31,0,-31,786,-930,826,,-391,-823
AAPL,1999,1999-09-25,-47,,58,33,-155,375,-35,85,0,11,0,11,601,-964,798,,-228,-917
AAPL,1998,1998-09-25,-56,0,59,-15,251,494,1,111,0,41,-22,19,309,-543,775,0,-140,-487
AAPL,1997,1997-09-26,-437,0,61,-11,-322,614,-7,118,0,184,-161,23,-1045,-533,188,,508,-96
AAPL,1996,1996-09-27,-67,-14,49,33,796,1431,-439,156,0,39,371,396,-816,-119,519,,187,-52
AAPL,1995,1995-09-29,-159,-58,49,188,-447,-823,73,127,0,86,167,195,424,-402,-240,0,-41,-243
AAPL,1994,1994-09-30,-160,-57,34,46,527,482,16,168,0,82,-234,-208,310,-2,737,0,-239,158
AAPL,1993,1993-09-24,-213,-56,12,226,178,-1070,-50,166,0,-188,628,336,87,493,-651,-48,216,706
AAPL,1992,1992-09-25,-195,-57,9,98,-106,91,125,217,0,-92,36,-114,530,-913,921,0,-43,-718
AAPL,1991,1991-09-27,-218,-57,10,266,229,-502,8,204,0,12,26,-18,310,58,189,0,169,277
AAPL,1990,1990-09-28,-224,-54,6,212,-64,145,139,203,0,-466,66,-454,475,-574,964,0,2,-349
AAPL,1989,1989-09-29,-239,-50,16,171,66,-109,111,125,0,83,-71,-38,454,-403,507,0,-74,-164
AAPL,1988,1988-09-30,-144,-40,4,120,-19,-274,89,78,,-216,128,-128,400,-186,294,,2,-42
AAPL,1987,1987-09-25,-86,-15,4,143,-11,-127,25,71,,-62,,-78,217,-122,188,,2,-36
AAPL,1986,1986-09-26,-67,0,1,92,239,53,47,51,0,-9,0,-9,154,-67,315,0,9,0
AAPL,1985,1985-09-27,-54,0,0,0,222,128,21,42,0,24,0,24,61,-66,265,0,13,-12
ANET,2019,2019-12-31,-15.751,,0,32.832,461.351,40.798,-75.741,32.849,0.353,-208.764,0,-217.964,859.867,-284.072,963.034,-9.2,105.261,-268.321
ANET,2018,2018-12-31,-23.83,,2.692,17.573,-210.533,103.587,-57.896,27.671,-1.39,53.658,-1.929,42.851,328.115,-755.113,503.119,-8.878,101.642,-731.283
ANET,2017,2017-12-31,-15.279,,2.814,44.216,292.529,102.481,8.426,20.64,0.753,57.111,-1.617,51.469,423.201,-391.32,631.627,-4.025,76.879,-376.041
ANET,2016,2016-12-31,-21.419,,2.916,39.638,-119.199,-68.448,-21.72,19.749,-0.464,35.181,-1.336,32.745,184.189,-325.775,174.295,-1.1,60.525,-304.356
ANET,2015,2015-12-31,-19.989,,2.999,6.591,447.295,80.646,-24.409,13.671,-0.513,27.201,-1.086,25.854,121.102,184.17,237.784,-0.261,46.774,204.159
ANET,2014,2014-12-31,-13.1,,6.4,44.8,126.4,29.5,-6.8,10,-0.1,8,-20.8,244,86.9,-249.4,131.9,256.8,12.3,-236.2
ANET,2013,2013-12-31,-20.3,,0,16.8,25,-14.6,-8.8,5,0,9,0,9.9,42.5,-19.5,34.6,0.9,10.6,0.8
ANET,2012,2012-12-31,-3.3,,0,15.1,17.9,2,-3.7,1.8,0,3.9,0,4,20.3,-12.4,26.3,0.1,6,-9
ANET,2011,2011-12-31,-2.8,,25.5,0.5,56.1,-22.6,-4.2,1.3,0,2.1,44.4,46.5,34,-2.8,12.4,0,4,0
BIDU,2019,2019-12-31,-19121,,2448,4100,4612,-6687,-696,19161,1,-4539,1338,-3873,-2288,-19974,28458,-672,18968,-853
BIDU,2018,2018-12-31,-22362,,1579,5509,18491,3281,-761,16187,1902,13053,20727,15082,22582,-34460,35967,-18698,-5322,-12098
BIDU,2017,2017-12-31,-13951,,758,3300,186,6575,-756,11748,-316,2776,13670,44557,18288,-76935,32880,28111,-2975,-62984
BIDU,2016,2016-12-31,-10509.768,,1110.657,2402.114,938.531,5637.652,-13.561,8327.557,144.313,836.904,6850.83,14446.68,11595.613,-35910.759,22258.297,6758.946,-3288.964,-25400.991
BIDU,2015,2015-12-31,-7774.456,,867.039,2763.119,-3892.793,4237.484,2260.739,5860.912,179.181,-2623.863,10351.119,7778.032,32432.246,-31272.444,19422.438,50.776,-25368.943,-23497.988
BIDU,2014,2014-12-31,-6395.211,,592.759,2798.04,4160.928,3249.126,-693.448,3972.294,79.567,2039.667,7667.834,8611.96,12253.234,-22467.774,17937.175,-1095.541,-844.031,-16072.563
BIDU,2013,2013-12-31,-3681,,302,1657,-2189,967,331,2652,-201,1554,6027,7542,10356,-23323,13793,-39,-513,-19642
BIDU,2012,2012-12-31,-2566,,38,1642,7753,781,-59,1515,-12,57,9361,9519,10391,-13750,11996,100,-633,-11184
BIDU,2011,2011-12-31,-2342,,18,1165,-3654,592,-65,885,-9,23,2359,2426,6620,-14251,8179,44,146,-11908
BIDU,2010,2010-12-31,-976,,1,437,3602,746,-74,441,-6,39,86,125,3525,-1218,4700,0,62,-241
BIDU,2009,2009-12-31,-450,,,150,1838,407,-11,317,-1,95,,95,1485,-536,2279,,81,-86
BIDU,2008,2008-12-31,-477,,,146,1012,337,-14,281,-38,-36,,-36,1048,-661,1746,0,94,-184
BIDU,2007,2007-12-31,-577,,,-12,214,100,-11,181,-48,41,,41,629,-713,935,0,36,-136
BIDU,2006,2006-12-31,-150,,,24,236,111,-3,70,-28,33,,32,302,-294,526,-1,46,-144
BIDU,2005,2005-12-31,-91,,,5,700,47,-4,34,-5,8,,724,48,-181,162,716,38,-90
BIDU,2004,2004-12-31,-39,,,0,137,17,0,10,0,120,,120,12,-39,57,0,17,0
BIDU,2003,2003-12-31,-8,,,,5,12,0,5,0,0,,0,-9,-8,13,0,5,0
BIDU,2002,2002-12-31,-6,,,,-14,3,,3,,0,,0,-19,-6,-8,,4,
BNFT,2019,2019-12-31,-13.248,,12.374,0.028,-59.952,-26.176,,22.351,,0.453,-7.511,-7.415,-45.515,-34.162,-18.375,-0.357,30.965,-20.914
BNFT,2018,2018-12-31,-8.29,,11.884,0.028,135.593,9.033,,15.815,,0.712,140.19,134.902,-52.627,-8.29,8.981,-6,36.76,0
BNFT,2017,2017-12-31,-8.279,,10.911,0.014,-1.518,4.582,,15.906,,3.715,6.983,10.698,-50.294,-6.279,-5.937,0,23.869,2
BNFT,2016,2016-12-31,-12.705,,6.655,0.007,8.779,-21.276,,13.073,,6.87,-0.2,6.089,-40.346,25.516,-22.826,-0.581,25.723,38.221
BNFT,2015,2015-12-31,-14.727,,6.525,0.018,-3,1.289,,11.664,,78.767,2.705,78.79,-62.084,-50.245,-31.545,-2.682,17.586,-35.518
BNFT,2014,2014-12-31,-9.824,,2.449,0.038,-14.571,24.827,,9.493,,2.817,3.669,6.26,-63.179,-1.953,-18.878,-0.226,9.981,7.871
BNFT,2013,2013-12-31,-8.92,,2.15,0.17,45.94,19.38,,8.17,,70.83,-3.57,66.95,-30.36,-22.08,1.07,-0.31,3.88,-13.16
BNFT,2012,2012-12-31,-6.31,,1.97,0.04,3.85,15.44,,8.56,,-0.49,0.32,-2.25,-14.87,-6.31,12.41,-2.08,3.28,0
BNFT,2011,2011-12-31,-5.75,,1.93,0.05,-2.31,8.43,,7.31,,-0.67,-1.77,-2.45,-15.06,-5.75,5.88,0,5.21,0
BNFT,2010,2010-12-31,-3.34,,2.1,0.04,-7.86,-0.43,,6.61,,-0.47,-4.85,-5.32,-2.48,-9.73,7.19,0,3.49,-6.39
CTSH,2019,2019-12-31,-392,-453,25,870,1484,101,-306,526,-34,-2088,-28,-2569,1842,1588,2499,0,336,1980
CTSH,2018,2018-12-31,-377,-468,21,597,-764,-407,8,498,-36,-1080,-141,-1693,2101,-1627,2592,-4,392,-1250
CTSH,2017,2017-12-31,-284,-265,21,587,-109,186,124,443,51,-1700,-20,-1985,1504,-582,2407,,150,-298
CTSH,2016,2016-12-31,-300,0,16,845,-91,-471,-91,379,-30,-336,-407,-743,1553,-963,1645,,275,-663
CTSH,2015,2015-12-31,-273,0,14,579,115,108,-126,330,-19,-329,-353,-682,1624,-1371,2187,,251,-1098
CTSH,2014,2014-12-31,-212.2,,0.1,558.6,-202.9,-221,-99.6,208.1,-18.6,-146.9,1635.8,1503.4,1439.3,-3160.7,1473,14.5,146.2,-2948.5
CTSH,2013,2013-12-31,-261.6,,,481,642.9,-40.9,-88.2,179.9,-19.2,-61.4,,-30.9,1228.6,-730.8,1423.8,30.6,144.3,-469.1
CTSH,2012,2012-12-31,-334.5,,,402.1,259.2,16.1,-117.9,156.6,-0.4,-391.4,,-343,1051.3,-570,1172.6,48.4,66.6,-235.6
CTSH,2011,2011-12-31,-288.2,,,248.2,-230.1,-225.8,-8.6,124.2,0.5,-294.6,,-255.5,883.6,-850.3,875.2,39.1,101.7,-562.1
CTSH,2010,2010-12-31,-185.5,,,127.1,440,-10.6,-51.9,110.2,2.3,48.1,,120,733.5,-446.9,764.7,71.9,-16.6,-261.4
CTSH,2009,2009-12-31,-76.6,,,120.5,365.9,64.1,-26.6,89.4,11.4,45.4,,76.9,535,-394.8,672.3,31.6,10.5,-318.1
CTSH,2008,2008-12-31,-169.4,,,82.8,395.2,-108.9,-5,74.8,-23.5,27,0,44,430.8,-55,429.7,17,38,114.4
CTSH,2007,2007-12-31,-182.5,,,43.3,73.9,-82,25.1,53.9,2.9,-38.3,0,4,350.1,-277.3,344.3,42.3,-2.8,-94.9
CTSH,2006,2006-12-31,-104.7,,,14.1,69,-45.6,-2.3,34.2,5.6,51.4,-1.8,82.9,232.8,-272.3,252.9,33.2,33.8,-167.6
CTSH,2005,2005-12-31,-91.6,,,17.4,-2.4,-31.9,-47.3,21.4,-5,47.5,0,47.5,166.3,-204.5,159.8,0,51.3,-113
CTSH,2004,2004-12-31,-48.1,,,9.6,99.2,-4.4,-22.3,16.4,3.5,36.8,,36.8,100.2,-68.4,127.3,0,37.3,-20.3
CTSH,2003,2003-12-31,-37.8,,,3.3,68,-13.2,-0.6,11.9,4.2,24.7,,21.8,57.4,-37.8,79.9,-3,24.4,
CTSH,2002,2002-12-31,-35.5,,,2.9,41.2,1.6,0,7.8,0,20,,20,34.6,-35.5,56.7,0,12.6,
CTSH,2001,2001-12-31,-15,,,3.8,23,-12.7,7.8,6.4,-0.1,6,,6,22.2,-15,32.1,0,8.4,0
CTSH,2000,2000-12-31,-10.7,,,1.2,19.3,-0.1,6.3,4.5,0,1.8,,1.8,17.7,-12.6,30.2,0,1.8,-2
CTSH,1999,1999-12-31,-5.9,,,2.5,14.2,0.1,4.3,3,0,0.7,,1.6,11.2,-5.9,18.6,0.9,0,0
CTSH,1998,1998-12-31,-3.7,,,0.1,25.7,1.5,3.5,2.2,0,23.6,,16.1,6,-3.7,13.4,-7.5,0.1,0
CTSH,1997,1997-12-31,-3,,,0.2,0.9,-2.7,1.2,1.4,0,0,,5.7,1,-6.4,1.7,5.7,0.8,-3.4
CTSH,1996,1996-12-31,-1.3,,0,0,1.3,-0.6,0.5,0.8,0,0.4,,0.7,0.6,-1.3,1.9,0.3,0.5,0
CTSH,1995,1995-12-31,-1.7,,0,0,0.4,-0.5,0.4,0.4,0,1.1,,1.1,0.5,-1.7,1,0,0.4,0
DXC,2020,2020-03-31,-866,-214,371,247,780,-1554,-56,1960,-90,-725,1657,657,-5358,-2137,2350,-61,7358,-1271
DXC,2019,2019-03-31,-952,-210,308,197,170,-1663,97,2023,-19,-1297,-1263,-1663,1262,69,1783,1107,64,1021
DXC,2018,2018-03-31,-763,-174,288,376,1461,-361,-842,2014,65,6,-1618,-1890,1782,719,2567,-104,-26,1482
DXC,2017,2017-03-31,-487,-78,103,63,87,-61,-92,658,-60,54,82,93,-100,-565,619,35,214,-78
DXC,2016,2016-04-01,-641,-430,124,65,-920,-423,-37,767,-57,9,-2,-485,263,-1180,802,-62,232,-539
DXC,2015,2015-04-03,-648,-128,144,146,-345,72,-449,977,-204,-646,-274,-1078,17,-536,1473,-30,856,112
DXC,2014,2014-03-28,-688,-119,140,122,389,-341,169,1018,-6,-307,-53,-599,968,-566,1560,-120,-254,122
DXC,2013,2013-03-29,-672,-124,186,214,961,-324,101,1134,-25,-228,-202,-589,979,456,1119,-35,-771,1128
DXC,2012,2012-03-30,-975,-124,177,139,-744,-418,-115,1212,-31,15,-465,-581,-4225,-1308,1176,-7,4722,-333
DXC,2011,2011-04-01,-965,-77,173,219,-947,-426,100,1140,57,8,-1586,-1676,759,-892,1564,-21,-9,73
DXC,2010,2010-04-02,-927,0,270,345,487,-418,8,1156,121,97,-544,-487,834,-790,1643,-40,63,137
DXC,2009,2009-04-03,-1026.9,,257.6,323.1,1598.4,-876.9,247.1,1270,-92.1,8.9,732.5,742.1,1115.2,-1038,1986.4,0.7,231,-11.1
DXC,2008,2008-03-28,-1213.6,,176,495.8,-351.2,-485.5,-65.3,1286.4,26.7,-927.2,1902.6,997.9,544.6,-2718.7,1342.9,22.5,62.7,-1505.1
DXC,2007,2007-03-30,-952.8,,144.4,304.8,-240.6,241.4,-207.8,1162,9,-905.2,-62.3,-955.5,397.3,-872.7,1578.6,12,-14.3,80.1
DXC,2006,2006-03-31,-1220.5,,95.1,147.9,280.4,-368.3,48.7,1187.5,3.8,-126.6,-30.9,-150.7,634,-1124,1551.3,6.8,49.4,96.5
DXC,2005,2005-04-01,-1476.8,,173.7,49.3,447.5,-6.3,192.7,1145.5,2,107.8,-1010.5,-900.6,810.2,-595.4,1941.5,2.1,-200.6,881.4
DXC,2004,2004-04-02,-1347.1,,159.7,38.8,310.1,-76.1,182.4,1038.1,-5,35.4,-135.1,-84,519.4,-1278.4,1677.5,15.7,13.7,68.7
DXC,2003,2003-03-28,-886.2,,140.4,46.6,150.5,-320.1,145.9,857.5,16.5,25.6,-45.4,-20.2,440.2,-994,1148.2,-0.4,24.7,-107.8
DXC,2002,2002-03-29,-1202,,135.3,18.7,-35.6,-61.8,129.9,857.6,-1.4,87.8,-226.8,-133.9,344.1,-1205.7,1305.4,5.1,35.6,-3.7
DXC,2001,2001-03-30,-1574.4,,101.7,35.3,-75.7,-214.6,42.3,649.3,-8,36.4,1266.6,1321.5,233.2,-2243.4,854.2,18.5,144,-669
DXC,2000,2000-03-31,-931.4,,59.4,97.6,-345.4,-94.2,68.8,545.7,-3.7,57.1,-152.6,-111.4,402.9,-1176.6,946.3,-15.8,23.1,-245.1
DXC,1999,1999-04-02,-597.8,,45.3,-31,327.9,-72.2,91.2,445,-0.3,45.1,170.9,219.2,341.2,-705.1,814.1,3.2,8.8,-107.2
DXC,1998,1998-04-03,-559.3,0,50.9,30.6,164,-87.4,-94.5,386.9,-4.9,61.5,87.8,162.7,260.4,-577.1,583.3,13.4,117.9,-17.8
DXC,1997,1997-03-28,-502.2,0,37.9,63.9,-3.1,-75.7,5.1,333.2,-2.1,42.9,119.2,175.1,192.4,-676.5,500.4,13,45.4,-174.4
DXC,1996,1996-03-29,-425.1,,33.4,45.2,-50.4,-41.9,,252.1,,12.8,27,49.8,141.7,-465.4,365.2,10,13.2,-40.2
DXC,1995,1995-03-31,-320.5,,23.7,54.8,28.5,-63.7,,172.6,,213.7,103.6,204,110.7,-402.8,227.4,-113.4,7.7,-82.3
DXC,1994,1994-04-01,-251.8,0,17.5,56.4,15.3,-40,,130.7,0,17.2,0.4,133.3,95.8,-309.7,191.8,115.6,5.2,-57.9
DXC,1993,1993-04-02,-95.4,0,21.5,59.6,-4.3,-9.4,,118.7,0,11.2,-81.7,-68.1,78.1,-129.9,193.8,2.4,6.3,-34.5
DXC,1992,1992-04-03,-237.2,0,22.3,49.1,42.4,-48.1,,81.7,0,15.8,231.3,259.9,68.2,-322.6,105.2,12.8,3.3,-85.5
DXC,1991,1991-03-29,-27,0,12.7,44,-45.9,-28.3,,40.2,0,4.6,2.5,6.4,65,-128.4,76.2,-0.7,-0.7,-101.5
DXC,1990,1990-03-30,-33.8,0,10,19.4,42.9,-22.5,,34,0,2.9,0.6,27.6,65.5,-53.8,69.1,24.1,-8,-20
DXC,1989,1989-03-31,-39.4,0,8.5,22,11.9,-21.3,,31.1,0,2.1,-11.9,-6.3,52.5,-47.1,65.3,3.5,3,-7.7
DXC,1988,1988-03-31,-37.6,0,9.5,15.8,12.8,-32.1,,32,0,1.9,-11.5,-9.6,43.5,-23.4,45.7,0,2.3,14.2
DXC,1987,1987-03-31,-29.7,0,9.5,27.3,39.2,-1.9,,28.4,0,2.1,67.2,68.1,32.2,-85.4,56.4,-1.2,-2.4,-55.7
DXC,1986,1986-03-28,-28.5,0,6.5,18.1,-5.5,-12.1,,21.7,0,3.2,-10.4,-3.2,23.9,-43.8,41.6,3.9,8,-15.3
FB,2019,2019-12-31,-15102,,,5182,9155,7250,-37,5741,4,-4202,-552,-7299,18485,-19864,36314,-2545,4875,-4762
FB,2018,2018-12-31,-13915,,1,3762,1920,-1527,286,4315,-179,-12879,0,-15572,22112,-11603,29274,-2693,4088,2312
FB,2017,2017-12-31,-6733,,0,2117,-905,1887,-377,3025,232,-1976,0,-5235,15934,-20118,24216,-3259,3747,-13385
FB,2016,2016-12-31,-4491,,11,1210,3943,758,-457,2342,-63,0,-312,-310,10217,-11792,16108,2,3248,-7301
FB,2015,2015-12-31,-2523,,10,270,592,784,-795,1945,-155,,-119,-139,3688,-9434,10320,-20,4698,-6911
FB,2014,2014-12-31,-1831,,14,178,992,-262,-210,1243,-123,,-243,-298,2940,-5913,7326,-55,3615,-4082
FB,2013,2013-12-31,-1362,,38,82,939,676,-37,1011,8,1504,-1891,-667,1500,-2624,4222,-280,1072,-1262
FB,2012,2012-12-31,-1235,,38,53,872,-491,-186,649,1,6777,1130,6283,53,-7024,1612,-1624,1587,-5789
FB,2011,2011-12-31,-606,,28,197,-273,5,,323,3,1026,-431,1198,1000,-3023,1549,603,221,-2417
FB,2010,2010-12-31,-293,,23,261,1152,-70,,139,-3,506,160,781,606,-324,698,115,23,-31
FB,2009,2009-12-31,-33,,9,42,336,-179,,78,0,9,-48,243,229,-62,155,282,27,-29
GRPN,2019,2019-12-31,-71.066,,9.145,11.898,-92.071,-144.993,-1.485,105.765,-3.144,-41.508,-19.687,-92.619,-11.695,-67.591,71.283,-31.424,123.691,3.475
GRPN,2018,2018-12-31,-87.957,,9.556,2.781,-40.753,-17.918,-5,115.828,-11.209,-3.87,-33.023,-84.417,1.988,-135.982,190.855,-47.524,95.957,-48.025
GRPN,2017,2017-12-31,-60.217,,9.425,8.646,10.575,-107.077,0.603,137.827,26.499,-55.72,-34.025,-138.046,26.627,-34.871,156.993,-48.301,99.013,25.346
GRPN,2016,2016-12-31,-70.682,,1.185,-7.208,39.739,7.332,-10.448,135.909,-6.718,-124.884,152.092,-14.665,-183.323,-57.486,118.608,-41.873,169.138,13.196
GRPN,2015,2015-12-31,-84.637,,1.032,-5.461,-158.555,135.885,-11.042,129.382,-32.485,-436.959,-24.403,-515.785,33.679,67.22,322.495,-54.423,34.591,151.857
GRPN,2014,2014-12-31,-86.357,,0,24.006,-223.838,67.692,-11.124,115.041,-33.771,-146.739,-8.451,-210.136,-63.919,-229.456,249.525,-54.946,141.835,-143.099
GRPN,2013,2013-12-31,-65,,,60.8,31.2,52.2,-18.1,89.4,-9.2,-37.5,-1.6,-81.7,-88.9,-96.3,218.4,-42.5,183.8,-31.3
GRPN,2012,2012-12-31,-96.4,0,,127,86.4,187.3,-7.7,55.8,2.4,9.3,0,12.1,-51,-195,266.8,2.8,82.4,-98.5
GRPN,2011,2011-12-31,-58.3,0,0,1.6,1004.1,423.3,32.2,32.1,-6.1,880.6,0,867.2,-297.8,-147.4,290.4,-13.4,100.6,-89.1
GRPN,2010,2010-12-31,-15.6,-1.3,0.3,0.1,106.5,255.2,-7.3,13,1.1,26.7,5,30.4,-413.4,-11.9,86.9,0,239.4,3.7
GRPN,2009,2009-12-31,-0.6,-26.4,0,0,9.3,8.8,0,0.1,0,30,0,3.8,-1.3,-2,7.5,0.1,0,-1.4
GRPN,2008,2008-12-31,0,-0.3,0,0,2.9,0,0,0,0,4.7,0,4.4,-1.5,0,-1.5,0,0,0
MANH,2019,2019-12-31,-15.193,,,30.492,11.552,23.861,-1.406,7.987,-0.115,-121.487,,-121.487,85.762,-13.754,146.908,,30.704,1.439
MANH,2018,2018-12-31,-7.306,,,40.215,-26.396,8.09,-4.265,8.613,-4.585,-149.322,,-149.322,104.69,-9.838,137.349,0,20.221,-2.532
MANH,2017,2017-12-31,-6.199,,,64.91,29.907,20.374,1.574,9.06,3.318,-131.707,,-131.707,116.481,-5.77,164.066,0,16.577,0.429
MANH,2016,2016-12-31,-6.843,,,58.684,-22.801,-11.341,1.797,9.09,-2.804,-167.915,,-162.701,124.234,3.358,139.346,5.214,15.566,10.201
MANH,2015,2015-12-31,-11.492,,,50.902,2.708,-7.188,1.532,7.764,-1.628,-111.421,,-102.274,103.475,-13.543,120.153,9.147,14.57,-2.051
MANH,2014,2014-12-31,-9.4,,,38.7,-8.7,-1.6,-1.7,6.4,-1.1,-97.6,,-89.1,82,-12.7,94.2,8.6,9.1,-3.3
MANH,2013,2013-12-31,-4.7,,,21.2,27.6,5.2,3.2,5.8,-2.1,-58.4,,-51.8,67.3,-7.8,89.4,6.6,7.9,-3.1
MANH,2012,2012-12-31,-7.9,,,6.3,4.6,1.3,5.4,5.6,-0.2,-71.1,,-63.5,51.9,-7,75.3,7.5,11.1,0.9
MANH,2011,2011-12-31,-5.1,,,11.1,-28.6,-11.5,2.4,7.3,-1.8,-80.4,,-77.9,44.9,-4.6,55.8,2.5,12.7,0.5
MANH,2010,2010-12-31,-5.9,,,14.3,0.5,0.9,-0.5,9.2,0.3,-41.3,,-40.9,28.1,-8.9,50,0.5,12.4,-3
MANH,2009,2009-12-31,-2.4,,,6.2,34.5,19.6,2.1,11.4,0.2,-21.8,,-21.7,16.6,-2.3,58.3,0.1,8.7,0.1
MANH,2008,2008-12-31,-7.7,,0,11.1,41.1,16.1,-1.4,12.7,-4.9,-31.9,0,-31.8,22.8,13.9,63.8,0.1,13.6,21.6
MANH,2007,2007-12-31,-9.4,,0,16.3,26.2,-9.2,-2.8,13.6,1.1,-89,0,-88.3,30.8,75.1,38.3,0.7,5.9,84.5
MANH,2006,2006-12-31,-9.6,,0,10.4,-1,3.4,-0.6,13.2,0.3,0.1,-0.1,2.5,19.3,-47.9,44.1,2.5,8.8,-38.3
MANH,2005,2005-12-31,-8.5,,0,9.1,-18,-2.2,1.4,12.1,-0.8,-54.3,-0.1,-54.4,18.6,3.8,33.4,,3.5,12.3
MANH,2004,2004-12-31,-7.6,,0,2.8,6,1.6,0.3,10.8,0.3,-17.7,-0.1,-17.9,21.6,-20.9,44.5,,10.2,-13.3
MANH,2003,2003-12-31,-7.7,,0,0.2,-31.8,-8.4,-0.6,11.4,0,9.3,-0.2,9,20.6,-77.8,37,,13.9,-70.1
MANH,2002,2002-12-31,-6,,0.2,-2.5,-20.9,-0.7,-1.1,8.6,0.3,4.5,-5.4,-0.9,23.6,-65.7,45.4,,15,-59.7
MANH,2001,2001-12-31,-6.8,,0.6,-4.2,33,3.1,-0.5,11.3,0,5.8,-1.9,3.9,16.2,-10.3,39.4,,9.1,-3.5
MANH,2000,2000-12-31,-5.1,,0.1,5.7,31.3,0.1,-2.1,6.1000000000000005,0.1,11.3,-2.2,9.1,16.3,-14.3,36.4,0,16,-9.2
MANH,1999,1999-12-31,-5.7,,0.1,-0.7,-8.1,6.7,-1.8,5.1,0,0.7,-0.2,0.6,1.1,-20.9,12.3,,1.2,-15.2
MANH,1998,1998-12-31,-6.7,,,2.8,24.6,-8.6,-0.4,1.7000000000000002,0,48.9,-1.1,36.1,6.1,-14.5,2.9,-11.7,4.1,-7.8
MANH,1997,1997-12-31,-1.8,,,0,0,-2.2,,0.5,0,0,0,-5.1,5.3,-1.8,7,-5.1,3.4,0
MANH,1996,1996-12-31,-0.5,,,0,0.6,-0.3,,0.3,0,0,0,-2.8,2.5,-0.5,4,-2.8,1.5,0
MANH,1995,1995-12-31,-0.4,,,,2.4,0.8,,0.1,,-0.3,0.9,-0.3,1.4,-0.4,3.1,-0.9,0.8,
MSFT,2020,2020-06-30,-15441,-15137,,12500,2220,-1483,11,12796,-201,-21625,-5518,-46031,44281,-12223,60675,-3751,5070,3218
MSFT,2019,2019-06-30,-13925,-13811,2400,8400,-590,3866,-6463,11682,-115,-18401,-4000,-36887,39240,-15773,52185,-675,3860,-1848
MSFT,2018,2018-06-30,-11632,-12699,2400,5500,4283,20467,-5143,10261,50,-9719,-10201,-33590,16571,-6061,43884,-971,1728,5571
MSFT,2017,2017-06-30,-8129,-11845,1600,1600,1153,4876,-829,8778,19,-11016,31459,8408,25489,-46781,39507,-190,1193,-38652
MSFT,2016,2016-06-30,-8343,-11006,1100,3900,915,610,2479,6622,-67,-15301,18283,-8393,20539,-23950,33325,-369,3075,-15607
MSFT,2015,2015-06-30,-5944,-9882,620,4400,-3074,1513,224,5957,-73,-13809,13661,-9080,12193,-23001,29080,950,9193,-17057
MSFT,2014,2014-06-30,-5485,-8879,509,5500,4865,624,-331,5212,-139,-6709,6962,-8394,22074,-18833,32231,232,4652,-13348
MSFT,2013,2013-06-30,-4257,-7455,371,3900,-3134,-1375,-19,3755,-8,-4429,3537,-8148,21863,-23811,28833,199,4609,-19554
MSFT,2012,2012-06-30,-2305,-6385,344,3500,-2672,-174,954,2967,-104,-3116,0,-9408,16978,-24786,31626,93,10901,-22481
MSFT,2011,2011-06-30,-2355,-5180,197,5300,4105,-3003,2,2766,103,-9133,5960,-8376,23150,-14616,26994,-23,4079,-12261
MSFT,2010,2010-06-30,-1977,-4578,145,4100,-571,661,-220,2673,-39,-8958,190,-13291,18760,-11314,24073,55,2199,-9337
MSFT,2009,2009-06-30,-3119,-4468,0,6600,-4263,-178,762,2562,-67,-8774,5746,-7463,14569,-15770,19037,33,1322,-12651
MSFT,2008,2008-06-30,-3182,-4015,,5400,4228,-2435,935,2056,137,-9039,0,-12934,17681,-4587,21612,120,3375,-1405
MSFT,2007,2007-06-30,-2264,-3805,,5240,-603,-961,421,1440,56,-20793,,-24544,14065,6089,17796,54,2831,8353
MSFT,2006,2006-06-30,-1578,-3545,,4780,1863,-2397,219,903,18,-17106,,-20562,12599,8003,14404,89,3080,9581
MSFT,2005,2005-06-30,-812,-36112,,4330,-9453,174,-179,855,-7,-4948,,-41078,12254,15027,16605,-18,3501,15839
MSFT,2004,2004-06-30,-1109,-1729,,2500,8947,1963,-1479,1186,27,-635,,-2364,8168,-3342,14626,0,4788,-2233
MSFT,2003,2003-06-30,-891,-857,,2800,3140,1046,-894,1393,61,-4366,,-5223,7531,-7495,15797,0,6721,-6604
MSFT,2002,2002-06-30,-770,0,,1900,-906,-231,-1580,938,2,-4572,,-4572,5355,-10845,14509,0,10027,-10075
MSFT,2001,2001-06-30,-1103,0,,1300,-924,-303,-420,1536,-26,-5821,,-5586,7346,-8734,13422,235,5263,-7631
MSFT,2000,2000-06-30,-879,-13,,800,-129,-3200,-425,1250,29,-2179,,-2192,9421,-9392,11426,0,4380,-8513
MSFT,1999,1999-06-30,-583,-28,,874,1136,430,-650,926,52,-834,,-862,7785,-10200,12146,0,3655,-9617
MSFT,1998,1998-06-30,-656,-28,,1100,133,-400,,1024,-29,-971,,-999,4490,-7272,8433,,3319,-6616
MSFT,1997,1997-06-30,-499,-15,,1100,1105,-180,,557,6,-1282,0,-501,3454,-3089,4689,796,858,-2590
MSFT,1996,1996-06-30,-494,0,,758,639,538,,480,-5,-757,0,-405,2195,-2670,3719,352,506,-2176
MSFT,1995,1995-06-30,-495,0,,430,485,253,,269,9,-317,,-138,1453,-1376,1990,179,15,-881
MSFT,1994,1994-06-30,-278,0,0,247,464,210,,237,-10,-68,0,83,1146,-1202,1593,151,0,-924
MSFT,1993,1993-06-30,-236,0,0,187,222,-30,,151,-62,-21,0,186,953,-976,1074,207,0,-740
MSFT,1992,1992-06-30,-317,0,0,175,374,76,,112,-10,0,0,130,708,-642,896,130,0,-325
MSFT,1991,1991-06-30,-264,0,0,121,171,19,,76,-2,-103,13,-4,463,-381,558,85,0,-116
MSFT,1990,1990-06-30,-158,0,3,82,54,-47,,46,3,26,-20,44,279,-271,278,37,0,-113
MSFT,1989,1989-06-30,-89,0,2,52,102,28,,24,-1,6,5,26,171,-145,222,14,0,-56
MSFT,1988,1988-06-30,-84,0,2,32,28,-28,,16,0,2,15,28,124,-112,112,12,0,-28
MSFT,1987,1987-06-30,-58,0,1,32,-13,-20,,8,0,2,3,29,72,-101,59,24,0,-44
NTES,2019,2019-12-31,-3328.784,-8840.634,431.395,3193.802,-3808.678,-358.151,150.629,2613.782,29.08,10.638,2971.531,1082.525,21431.126,-22136.741,17216.458,6940.99,-6620.928,-18807.957
NTES,2018,2018-12-31,-6886.013,-1440.194,,2006.657,1515.292,2476.978,-69.899,2083.501,81.511,-7516.679,6209.608,1587.419,6477.417,-13569.515,13415.877,4334.684,2447.88,-6683.502
NTES,2017,2017-12-31,-2524.224,-3257.607,,2712.875,-2281.526,-1503.07,-438.043,801.804,-12.766,-2061.591,3104.97,-1302.728,10849.137,-12855.27,11889.238,911.5,2179.41,-10331.046
NTES,2016,2016-12-31,-1140.027,-2546.165,,1097.178,1508.651,2640.427,66.676,327.515,132.285,-1199.102,1494.756,-2250.507,11792.863,-11861.393,15488.266,0.004,660.785,-10721.366
NTES,2015,2015-12-31,-1030.659,-1467.965,,1124.339,4050.034,679.149,-147.285,182.45,142.374,-132.192,87.142,-1632.736,6836.9,-2536.524,8076.92,-119.721,525.706,-1505.865
NTES,2014,2014-12-31,-618.344,-1983.01,,551.303,563.155,638.139,-117.342,174.462,-11.26,2.917,1071.165,-778.442,4795.705,-4520.166,5873.023,130.486,382.059,-3901.822
NTES,2013,2013-12-31,-220,-815,,687,-132,156,142,158,-2,-104,1006,87,4445,-5453,5236,1,334,-5233
NTES,2012,2012-12-31,-179,,,649,-624,214,-32,234,-4,-390,0,-390,3587,-4454,4224,0,221,-4275
NTES,2011,2011-12-31,-450,,,371,929,362,-42,293,-9,73,0,74,3223,-3208,4073,0,238,-2758
NTES,2010,2010-12-31,-298,,,252,244,187,9,232,-14,24,0,24,2232,-2621,2855,0,195,-2323
NTES,2009,2009-12-31,-613,,,294,248,113,-43,144,20,41,0,41,1837,-1908,2094,0,44,-1295
NTES,2008,2008-12-31,-175,,,250,-1689,37,47,91,-141,-166,-10,-157,1597,-3409,2018,18,246,-3234
NTES,2007,2007-12-31,-98,,0,72,1276,-72,-54,99,-95,-1004,0,-960,1264,952,1380,44,143,1051
NTES,2006,2006-12-31,-143,,0,125,-479,155,-8,78,-28,-873,0,-829,1243,-1218,1596,45,128,-1076
NTES,2005,2005-12-31,-93,,3,68,-438,132,-20,41,-30,0,0,105,932,-1619,1105,106,20,-1526
NTES,2004,2004-12-31,-60,,0,24,752,121,10,26,0,0,1,32,441,106,614,31,16,166
NTES,2003,2003-12-31,-28,,0,21,796,35,-7,17,0,-38,828,781,323,-360,375,-8,7,-332
NTES,2002,2002-12-31,-13,,1,0,80,72,-2,22,0,2,-84,-78,16,43,116,4,8,55
NTES,2001,2001-12-31,-21,,9,0,-229,48,,17,1,0,-29,-22,-233,-67,-140,6,28,-46
NTES,2000,2000-12-31,-34,,1,0,591,-115,,8,0,792,113,905,-169,-53,-261,0,15,-19
NTES,1999,1999-12-31,-9,,0,0,118,-10,,1,0,143,0,143,-52,-9,-16,0,45,0
NTES,1998,1998-12-31,-1,,0,0,0,1,,0,0,0,0,0,0,-1,1,0,0,0
NTES,1997,1997-12-31,0,,,0,0,0,,0,,0,,1,0,0,0,1,0,
NXPI,2019,2019-12-31,-628,-319,242,368,-1744,-160,-175,2047,-2,-1359,1150,-1831,272,-2284,2373,-1303,389,-1656
NXPI,2018,2018-12-31,-661,-74,177,188,-758,-3,-211,1987,-8,-4967,723,-4597,2258,-522,4369,-279,338,139
NXPI,2017,2017-12-31,-618,,245,356,1653,62,-797,2173,20,-53,-2744,-2886,2272,2072,2447,-89,-1263,2690
NXPI,2016,2016-12-31,-448,,348,67,280,371,-925,2205,-4,-1165,-80,-1392,259,-627,2303,-147,393,-179
NXPI,2015,2015-12-31,-353,,172,40,429,357,-168,517,-22,-424,60,-449,1599,-430,1330,-85,-975,-77
NXPI,2014,2014-12-31,-365,,138,24,515,338,,405,-12,-1156,876,-554,607,-387,1468,-274,118,-22
NXPI,2013,2013-12-31,-250,,174,34,53,-180,,514,0,-228,-310,-598,415,-240,891,-60,142,10
NXPI,2012,2012-12-31,-280,,,,-126,22,,533,14,-26,-508,-574,-52,-288,722,-40,219,-8
NXPI,2011,2011-12-31,-231,,,,-165,-568,,591,-21,-47,-812,-928,436,589,195,-69,-264,820
NXPI,2010,2010-12-31,-265,,,,-133,80,,684,-63,448,-603,-155,-406,-286,371,0,13,-21
NXPI,2009,2009-12-31,-100,,391,50,-755,-300,,818,-8,0,-80,-109,-153,78,-716,-29,-1081,178
NXPI,2008,2008-12-31,-392,,483,84,755,368,,1184,46,0,396,316,-3531,1015,-622,-80,1357,1407
NXPI,2007,2007-12-31,-586,,460,21,-191,-334,,1532,-24,,-22,-22,-603,-678,533,0,-62,-92
ORCL,2020,2020-05-31,-1564,-3070,1972,3218,16725,-1187,-851,2968,-125,-18317,15388,-6132,10135,9843,13139,-133,2074,11407
ORCL,2019,2019-05-31,-1660,-2932,2059,2901,-1106,-260,-1191,2919,-158,-34488,-4500,-42056,11083,26557,14551,-136,2000,28217
ORCL,2018,2018-05-31,-1736,-3140,1910,1562,-164,8135,-847,2785,57,-9451,2643,-9982,3587,-5625,15386,-34,1726,-3889
ORCL,2017,2017-05-31,-2021,-2631,1612,1983,1632,1058,-440,2451,-86,-1663,13638,9086,9452,-21494,14126,-258,1605,-19473
ORCL,2016,2016-05-31,-1189,-2541,1616,2331,-1564,1070,-105,2509,-115,-9104,1750,-9980,8901,-5154,13685,-85,1310,-3965
ORCL,2015,2015-05-31,-1391,-2255,1022,3055,3947,1013,-548,2861,-1192,-6285,18342,9606,9938,-19047,14580,-196,1316,-17656
ORCL,2014,2014-05-31,-580,-2178,827,2841,3156,-162,-248,2908,-158,-7678,5566,-4068,10955,-7539,14921,222,1468,-6959
ORCL,2013,2013-05-31,-650,-1433,781,2644,-342,-712,-117,2931,-110,-9494,2024,-8500,10925,-5956,14224,403,1197,-5306
ORCL,2012,2012-05-31,-648,-1205,737,2731,-1208,-83,9,2916,-471,-5123,295,-6099,9981,-8381,13743,-66,920,-7733
ORCL,2011,2011-05-31,-450,-1061,770,2931,6249,-728,-253,2796,600,216,1211,516,8547,-6081,11214,150,852,-5631
ORCL,2010,2010-05-31,-230,-1004,652,2488,919,101,-511,2271,-107,-118,3638,2664,6135,-10319,8681,148,685,-10089
ORCL,2009,2009-05-31,-529,-250,627,2170,733,365,-395,1976,-501,-3212,-1004,-4422,5593,-2599,8255,44,716,-2070
ORCL,2008,2008-05-31,-243,0,347,1687,2044,-149,-135,1480,437,-735,3611,3281,5521,-9076,7402,405,685,-8833
ORCL,2007,2007-05-31,-319,0,354,1197,-441,-667,56,1127,149,-3013,1661,-1139,4274,-4971,5520,213,730,-4652
ORCL,2006,2006-05-31,-236,,74,1413,2765,24,-40,806,56,-1435,3001,1527,3381,-3359,4541,-39,370,-3123
ORCL,2005,2005-05-31,-188,,119,1268,-244,-81,-66,425,73,-747,2675,1884,2886,-5753,3552,-44,388,-5565
ORCL,2004,2004-05-31,-189,,23,1010,-599,41,58,234,74,-1145,-144,-1320,2681,-2548,3195,-31,181,-2359
ORCL,2003,2003-05-31,-291,,20,1149,1642,95,90,286,178,-2297,9,-2481,2307,895,3050,-193,272,1186
ORCL,2002,2002-05-31,-278,,20,1000,-1354,269,-160,363,6,-2460,-5,-2465,2224,-2030,3135,0,439,-1752
ORCL,2001,2001-05-31,-313,,24,2400,-2980,-897,-159,346,-98,-3806,0,-3806,2561,-1200,2124,0,273,-887
ORCL,2000,2000-05-31,-263,,19,976,5643,-19,3056,391,10,-4365,-5,-4183,6297,6893,2923,187,-6802,7156
ORCL,1999,1999-05-31,-379,,21,642,512,49,20,376,-8,-781,0,-485,1290,-802,1807,296,73,-423
ORCL,1998,1998-05-31,-328,,17,430,384,175,23,328,-26,-286,3,-283,814,-918,1610,0,270,-590
ORCL,1997,1997-05-31,-419,,1,521,174,-165,6,238,-22,-354,297,-57,821,-777,1031,,129,-359
ORCL,1996,1996-05-31,-356,,9,439,236,-24,-25,219,-14,-3,-85,-88,603,-551,889,,115,-195
ORCL,1995,1995-05-31,-310,,6,224,75,-61,-13,148,18,-15,-1,-16,442,-496,569,,54,-186
ORCL,1994,1994-05-31,-289,,7,69,120,-7,29,105,-2,-42,-9,-51,284,-270,443,,34,19
ORCL,1993,1993-05-31,-72,,9,32,131,46,0,79,-4,-12,-12,-24,98,-158,317,,94,-86
ORCL,1992,1992-05-31,-88,,20,7,52,79,4,66,2,22,-99,-76,62,-116,242,0,33,-28
ORCL,1991,1991-05-31,-109,,21,25,57,16,-15,71,0,20,54,73,-12,-106,89,0,30,2
ORCL,1990,1990-05-31,-117,,8,34,0,-143,8,44,1,18,55,74,81,-119,44,0,55,-2
ORCL,1989,1989-05-31,-79,,4,29,4,-52,-11,23,-1,11,42,53,68,-85,37,0,9,-6
ORCL,1988,1988-05-31,-35,,2,1,4,-28,8,13,0,5,-2,6,43,-43,41,4,5,-8
ORCL,1987,1987-05-31,-21,,1,0,25,-31,11,5,0,35,4,40,16,-22,6,1,6,-2
SINA,2019,2019-12-31,-29.924,,15.319,85.09,493.197,156.194,46.802,55.766000000000005,-7.807,-61.408,999.67,933.244,108.727,-1176.258,744.018,-5.018,376.529,-1146.334
SINA,2018,2018-12-31,-262.501,,16.836,77.937,-563.871,-308.641,33.56,41.232,-18.485,-246.958,-159.764,-408.514,426.326,-447.909,311.037,-1.792,118.56,-185.408
SINA,2017,2017-12-31,-44.907,,1.987,17.313,557.772,109.342,-3.214,33.202,62.459,-44.397,912.881,886.97,349.563,-987.947,596.29,18.486,107.397,-943.04
SINA,2016,2016-12-31,-37.688,,8.33,8.21,744.84,215.415,-5.47,28.468,-41.197,9.92,-610.184,-603.41,277.308,945.798,443.649,-3.146,-72.072,983.486
SINA,2015,2015-12-31,-45.466,,6.949,14.522,-319.591,192.811,-3.528,36.782000000000004,-18.185,403.96,21,396.352,35.723,-1025.896,328.138,-28.608,66.35,-980.43
SINA,2014,2014-12-31,-102.853,,8.244,12.067,307.406,-4.533,-1.228,45.269999999999996,-6.683,-238.565,0,404.624,161.771,-191.56,101.025,643.189,-100.255,-88.707
SINA,2013,2013-12-31,-97.7,,0,5.4,716.5,-21,1.8,35,5,-88.6,783.2,1237.1,43.8,-599.4,73.7,542.5,14,-501.7
SINA,2012,2012-12-31,-53.2,,,7.7,-314.2,-22,-3.5,29.6,0.9,4.4,,4.3,31.9,-351.9,32.6,-0.1,-3.4,-298.7
SINA,2011,2011-12-31,-54.9,,,9.1,-129.6,-16.9,-0.9,21.7,8.5,6.2,,13.5,-302.4,-218.2,66.5,7.3,365.1,-163.3
SINA,2010,2010-12-31,-20.9,,,7.1,-102.8,-10.8,-0.7,16.9,4.5,12.5,,12,-19.3,-235.9,116.6,-0.5,130.5,-215
SINA,2009,2009-12-31,-5.5,,,10.6,363.1,-0.7,1.2,19.700000000000003,-1.9,155.4,,155.3,412.3,111.7,98.1,-0.1,-334.4,117.2
SINA,2008,2008-12-31,-18.8,,,5.3,111.7,1.7,-0.1,17.6,9.2,10.5,,12.4,81.2,-24,114,1.9,13.6,-5.2
SINA,2007,2007-12-31,-12.2,,,3.6,108.5,2.7,0.5,14.6,6.2,19,,19,54.1,-5.9,89.1,0,17.2,6.3
SINA,2006,2006-12-31,-14.1,,,1.3,74.8,-2.2,-0.4,11.700000000000001,2.5,10,,10,39.9,-0.9,63.1,0,14,13.2
SINA,2005,2005-12-31,-15.4,,,2.9,-65.4,-2.4,-0.1,12.8,3.2,7,,7,43.1,-133.8,58.3,,5,-118.4
SINA,2004,2004-12-31,-13,,,1.1,-4.4,-5.9,0.2,9.3,0,15.8,,15.8,66,-95,74.9,,5.3,-82
SINA,2003,2003-12-31,-6.1,,,0,104.9,0.9,-0.9,6.8,0,6,97.3,104.3,31.4,-46.7,47.2,1.1,8.9,-40.6
SINA,2002,2002-12-31,-1.7,,0,0,22.2,1.6,,2.6,0,0.1,,0.1,0.9,15.8,6.3,,1.2,17.5
SINA,2001,2002-06-30,-2,,0,0,-21.4,-3.7,,10.3,0,-0.1,,0.4,-16.1,-15.4,-6.4,0.4,3.2,-13.4
SINA,2000,2001-06-30,-7.7,,0,0,-46.6,3.4,,10.4,0,1.5,,2.1,-36.4,-34.5,-14.2,0.6,8.4,-26.8
SINA,1999,2000-06-30,-7,,0,0,78.6,3.2,,8.3,0,133,,133.5,-51,-34.9,-20.1,0.6,19.4,-27.8
SINA,1998,1999-06-30,-1.3,,0,0,15.5,0.2,,2,0,24.2,0,24.2,-9.3,-5,-3.7,,3.3,-3.7
SINA,1997,1998-06-30,-0.6,,0,0,4.9,-0.3,,0.1,0,5.9,-0.2,5.7,-0.3,-0.6,-0.3,,0.1,0
SINA,1996,1997-06-30,0,,0,0,0,-0.1,,0.1,0,0,0.1,0.1,-1.9,0,-0.1,,1.9,0
WORK,2020,2020-01-31,-52.126,,,2.296,336.229,93.19,,27.127,,21.578,,18.49,-568.357,330.128,-12.389,-3.088,435.651,382.254
WORK,2019,2019-01-31,-59.402,,,0.876,63.197,58.672,,16.816,,437.677,,437.677,-138.902,-333.421,-41.059,0,22.355,-274.019
WORK,2018,2018-01-31,-22.094,,,0.947,20.982,79.115,,14.32,,297.035,,297.035,-140.063,-240.436,-35.617,0,11.011,-218.342
WORK,2017,2017-01-31,-24.816,,,0.048,82.519,5.839,,6.787,,208.336,,214.096,-146.909,-41.771,-89.806,5.76,44.477,-16.955
SOHU,2019,2019-12-31,-96.756,,9.396,31.116,-755.839,-13.761,8.455,132.435,-10.046,-42.016,-313.938,-513.163,-43.391,-443.22,210.59,-157.209,126.852,-346.464
SOHU,2018,2018-12-31,-199.377,,12.563,53.147,-298.429,-69.134,43.798,152.389,-19.544,0,258.783,96.334,-67.359,-459.244,84.025,-162.449,24.331,-259.867
SOHU,2017,2017-12-31,-144.363,,7.176,43.264,317.069,219.019,-0.082,223.131,30.226,-3.19,182.534,801.975,-470.003,-714.503,199.371,622.631,227.306,-570.14
SOHU,2016,2016-12-31,-288.854,,0.965,25.179,-194.248,96.254,5.268,204.63099999999997,-43.511,0,-327.459,-327.934,-114.973,-50.739,227.936,-0.475,36.756,238.115
SOHU,2015,2015-12-31,-243.288,0,7.235,43.988,368.865,99.968,6.02,237.36599999999999,-24.305,-33.397,-12.6,-43.116,108.855,-69.767,506.053,2.881,53.844,173.521
SOHU,2014,2014-12-31,-210.186,0,6.283,5.262,-410.948,29.764,-20.629,208.461,-1.947,-74.93,-410.194,-122.81,-171.219,-438.474,152.283,362.314,105.906,-228.288
SOHU,2013,2013-12-31,-211.8,-139.7,8.8,50.2,453.8,95,,130.6,21.1,461.6,,470.3,166.9,-441.6,403.9,148.4,11.3,-229.8
SOHU,2012,2012-12-31,-154.5,,2,67.4,100.9,94.6,,101.7,2.2,-37.6,,128.7,177.2,-432.6,402.6,166.3,29.1,-278
SOHU,2011,2011-12-31,-233.1,,0,44.7,54.2,30.4,,69.9,26.3,-15,,-36.8,228.3,-305.8,370.5,-21.7,41.9,-72.7
SOHU,2010,2010-12-31,-141,,0,34.5,114.6,30.3,,23.4,11,2.1,,49,198.2,-229.8,284.4,46.9,32.6,-88.8
SOHU,2009,2009-12-31,-82.3,,,23.4,249.4,24.7,,18.400000000000002,0.3,-35.9,0,93.7,176.4,-79.6,235,129.5,15.5,2.7
SOHU,2008,2008-12-31,-28.7,,,4.5,191.7,30.7,,16.7,7.8,-6.9,0,-7.4,158.6,-27,218.4,-0.5,12.5,1.7
SOHU,2007,2007-12-31,-55.8,,,1.3,-2.1,32.6,,12.9,3.8,10.8,-58.5,-47.5,34.9,-49.7,91.4,0.2,11.1,6.1
SOHU,2006,2006-12-31,-11.7,,,0,5.7,-5.9,,10.1,2.9,-10.2,-14.1,-23.8,25.9,-10.2,36.8,0.4,6.8,1.4
SOHU,2005,2005-12-31,-10.5,,,0,-3.3,-2.5,,8.600000000000001,2.2,-10.5,-13.8,-24.3,29.8,-17.1,35.9,0,0,-6.6
SOHU,2004,2004-12-31,-8.4,,,0.1,23.3,3.8,,5.4,0,-19.5,0,-19.5,35.6,-3.4,46.2,0,1.4,5
SOHU,2003,2003-12-31,-3.9,,,0,80.2,3.5,,4.1,0,1.5,87.8,89.3,26.4,-51,41.9,0,8.1,-47.2
SOHU,2002,2002-12-31,-2.3,,,0,-10.3,0.1,,4,,-1.9,0,-1.9,-1,-13.7,5.3,0,2.3,-11.4
SOHU,2001,2001-12-31,-4,,,,-33.3,-1.7,,34.5,,0,0,0,-43.6,-23.4,-10,0,0.8,-19.3
SOHU,2000,2000-12-31,-5.9,,,,58.7,-3.2,,4.9,,89.7,0,82.4,-19.2,-7.9,-15.9,-7.4,1.6,-2
SOHU,1999,1999-12-31,-0.9,,,,2.7,1.3,,0.3,,5.4,1.5,6.9,-3.4,-2.5,-1.7,0,0.1,-1.6
SOHU,1998,1998-12-31,-0.2,,,,1.1,-0.1,,0,,2.1,-0.1,2,-0.6,-0.2,-0.7,0,0,0
SOHU,1997,1997-12-31,0,,,,0,0.1,,0,,0.1,0.1,0.2,-0.2,0,-0.1,,0,0
NCTY,2019,2019-12-31,-0.79692,,0,0,5.85669,-34.69106,,4.21946,1.25731,,40.9228,40.9228,-196.16874,60.87938,-97.2028,0,129.43755,61.6763
NCTY,2018,2018-12-31,-0.22672,,0.26007,0,-138.36757,-23.66265,0,5.5711699999999995,-1.49458,0,-18.35701,-18.35701,-239.2848,-17.31545,-101.20053,0,156.17575,-17.08873
NCTY,2017,2017-12-31,-0.45456,,,,103.74594,-50.00774,0,7.21997,4.52792,0,24.07343,44.07343,-112.09291,161.9234,-106.77881,20,48.10187,162.37796
NCTY,2016,2016-12-31,-8.33305,,,,-10.13247,-9.21327,-6.07928,19.39019,-8.84393,3.18238,129.40996,190.09234,-667.08995,-10.39516,-180.98572,57.5,482.00659,-2.06211
NCTY,2015,2015-12-31,-10.64429,,,,-132.47176,74.52459,,32.62132,-5.82607,0.08406,254.00968,257.93694,-354.18197,-208.99584,-175.58679,3.8432,71.44927,-198.35155
NCTY,2014,2014-12-31,-3.12793,0,0,0,24.4951,1.39233,0,46.44098,-4.38096,1.42932,-19.46985,100.22165,-128.94241,197.75182,-269.09741,118.26218,-187.98831,200.87975
NCTY,2013,2013-12-31,-7.6,-14,,0,-397.3,33.5,,43.9,1.9,4.3,,-38.7,-562.9,-2.9,-357.6,-29,127.9,4.6
NCTY,2012,2012-12-31,-35,-7.2,,0,-517.4,-13,0,32.9,1,0.9,,-7.1,-559.8,-22.2,-489.2,-0.8,50.8,12.8
NCTY,2011,2011-12-31,-90.6,0,,0,-344.5,-4.5,0,18.8,-10.7,0.7,,-21.6,-313.2,-41.3,-270.9,-22.3,28,49.3
NCTY,2010,2010-12-31,-20.2,0,,0,-258.9,-51.8,7.4,35.8,-3.7,0.1,,-0.5,-518.7,-7.1,-247.6,-0.6,279.8,13
NCTY,2009,2009-12-31,-44.4,-201,,6.5,-477.5,-200.4,-7.4,174.4,1.4,1.5,,-356.5,-409.9,-16.3,-106.1,-157,337.2,28.1
NCTY,2008,2008-12-31,-121.2,0,,23.4,-62.7,-19.1,34.5,298.6,-32.1,8.8,,-235.7,96.8,-487.5,692.6,-244.6,281.9,-366.3
NCTY,2007,2007-12-31,-490.3,0,,36.7,1277.4,70,-29.1,212,-52.2,1282,,1174.6,240.9,-461.6,616.6,-107.3,122.8,28.7
NCTY,2006,2006-12-31,-124.8,,0,0.6,449.6,103.4,-3.3,166.5,-2.5,58,0,58,312.5,-204.8,598.9,0,19.9,-80.1
NCTY,2005,2005-12-31,-254.3,,0,0.6,-305.2,-25.5,-0.4,73.3,-9.9,3.8,0,3.8,72.5,-483.7,184.5,0,64.7,-229.4
NCTY,2004,2004-12-31,-53.8,0,1.7,0.1,730.6,16.9,4.5,3.6,0.1,813,-10.4,821.7,24.5,-126.3,35.1,19,-14.3,-72.4
NCTY,2003,2003-12-31,-2,,0,0,57.1,60.1,-6.1,3.4,-0.1,0,1.5,1.5,48.5,-2,57.7,0,-48.2,0
NCTY,2002,2002-12-31,-1.5,,0,0,3.9,19.2,0.1,3.9,0,0,-1.9,6.3,-26.3,-5.8,3.4,8.3,6.6,-4.3
NCTY,2001,2001-12-31,-1.5,,0.4,0,-3,-0.7,-0.1,3.4,0,4.1,13.6,11.9,-16,-1.5,-13.4,-5.8,0.1,0
TWTR,2019,2019-12-31,-540.688,,20.144,12.236,-94.209,18.7,84.369,465.549,4.576,43.166,-301.677,-286.175,1465.659,-1115.974,1303.364,-27.664,-730.913,-575.286
TWTR,2018,2018-12-31,-483.934,,33.065,14.547,248.018,89.322,-801.72,425.498,-14.296,32.703,978.459,978.116,1205.596,-2055.513,1339.711,-33.046,421.015,-1571.579
TWTR,2017,2017-12-31,-160.742,,16.216,13.99,646.224,-32.239,-6.415,395.867,9.914,33.364,-102.775,-78.373,-108.063,-116.526,831.209,-8.962,582.059,44.216
TWTR,2016,2016-12-31,-218.657,,14.532,12.953,77.127,82.596,-4.775,402.172,-3.945,31.971,-100.558,-83.975,-456.873,-598.008,763.055,-15.388,739.935,-379.351
TWTR,2015,2015-12-31,-347.28,,8.229,15.985,-599.253,-135.913,-28.125,312.823,-16.9,56.656,-117.535,-62.998,-521.031,-902.421,383.066,-2.119,755.312,-555.141
TWTR,2014,2014-12-31,-201.6,,10,14.9,669.7,-202,-9.6,208.2,-6.5,360.3,1378.7,1691.7,-577.8,-1097.3,81.8,-47.3,663,-895.6
TWTR,2013,2013-12-31,-75.7,,6.9,2.4,637.7,-61.4,-8.9,110.9,0.2,2027.3,-70.4,1942.2,-645.3,-1306.1,1.4,-14.6,606.1,-1230.3
TWTR,2012,2012-12-31,-50.6,,3.1,,-15.7,-53.3,-1.1,72.5,-0.1,2.3,-39.4,-37.1,-79.4,49.4,-27.9,,33.4,100
TWTR,2011,2011-12-31,-11.5,,1.5,,84.7,-29.2,-2.3,24.2,0,495.3,-15.1,480.2,-128.3,-324.9,-70.6,,65,-313.3
TWTR,2010,2010-12-31,-5.7,,0.2,,114.6,0.8,-0.2,10.4,0,115.9,-1.6,114.3,-67.3,49,-48.7,,7.6,54.7
UTSI,2019,2019-12-31,-0.507,,0.016,1.4,-25.093,-23.816,-0.465,0.644,0.554,-0.993,0,-0.993,-3.913,-0.507,-24.147,,3.403,0
UTSI,2018,2018-12-31,-0.225,,0.047,1.221,-26.986,-31.833,0.705,0.702,-0.701,-2.424,,-2.424,4.82,2.245,-26.106,0,-0.5,2.47
UTSI,2017,2017-12-31,-0.732,,0.048,2.012,2.046,-2.814,-1.092,0.628,2.112,-0.027,,-0.027,6.981,-3.877,3.838,,0.135,-3.145
UTSI,2016,2016-12-31,-1.527,,0.055,3.311,6.872,-1.078,0.771,1.208,-1.723,-4.096,,-4.4,0.132,7.263,5.732,-0.304,4.699,8.79
UTSI,2015,2015-12-31,-0.917,,0.076,0.363,-0.774,-10.002,1.03,2.202,-2.906,-3.656,,-3.656,-27.158,17.424,-11.636,,22.292,18.341
UTSI,2014,2014-12-31,-2.102,,0.088,5.1,-29.949,-4.877,-0.424,2.654,-3.593,-4.968,,-4.968,-30.264,-5.776,-15.612,0,17.299,-3.674
UTSI,2013,2013-12-31,-6.1,,0.2,1.6,-71.8,0.6,-0.4,3.5,-10.3,-30.7,,-30.7,-22.7,-28.9,-1.9,,17.1,-22.8
UTSI,2012,2012-12-31,-5.5,,0.2,3,-122,-13.8,-2.2,4,-4.8,-8.8,,-8.8,-35.6,-82.7,-25.6,,22,-77.2
UTSI,2011,2011-12-31,-9.3,,0.3,0.5,-49.9,-57,0.3,3.1,8.8,-6.2,0,-6.2,11.8,-10.8,-41.7,,0.1,-1.4
UTSI,2010,2010-12-31,-3.4,,0.3,6.4,85.7,-40.8,2,5.4,9.8,34.5,0,34.5,-65.3,133.5,-92.2,0,6.5,136.9
UTSI,2009,2009-12-31,-2,,0.6,9.2,-43.8,100.2,0.9,13.1,2.8,0.4,-0.8,-0.4,-225.7,21.3,-67.4,0,44,23.3
UTSI,2008,2008-12-31,-14.2,,20.6,7.5,-127.8,73.4,-6.4,38,13.9,1.7,-331.6,-332.6,-150.8,246,-55.2,-2.8,-9.3,260.3
UTSI,2007,2007-12-31,-27.3,,22,12,-224.2,-61.2,11.9,57.4,29.6,-1.7,-56,-58.1,-198.4,29.4,-225.1,-0.4,-34.8,56.8
UTSI,2006,2006-12-31,-26.9,,9.8,13.6,16.1,99.5,-1.2,68,16.6,0.4,-99.5,-99.5,-117.3,36.1,62.9,-0.4,13.9,63
UTSI,2005,2005-12-31,-65.1,,14.2,11.3,83,269.3,190.7,98.6,-2.7,7,-216.4,-202.8,-532.6,70.1,218.4,6.7,192.5,135.3
UTSI,2004,2004-12-31,-139.7,,5.1,11.2,184.8,-148.7,-127.5,76.2,5.1,392.7,350,742.7,50.8,-468,-95,0,54.1,-328.3
UTSI,2003,2003-12-31,-125.6,,2.8,47.2,145.8,-213,-14,44.7,1.8,-124.5,399.6,275.3,209.9,-176.5,45.2,0.3,17.6,-50.9
UTSI,2002,2002-12-31,-75.3,,1.5,18.4,-89.2,15.8,-14.7,22.4,0,-32,-70.5,-102.4,107.9,-165.4,178.6,0.1,47.2,-90.1
UTSI,2001,2001-12-31,-31.3,,3.8,10.8,172,-84.4,,18.5,0,160.6,15.1,175.5,57,-43.7,40.2,-0.1,49.1,-12.4
UTSI,2000,2000-12-31,-19.5,,3.3,8,61.7,-98.6,,9.5,0,198.2,20.8,219.3,27,-111.4,-46.2,0.2,15.9,-91.9
UTSI,1999,1999-12-31,-3.3,,3.7,1.4,69.4,-22.5,,3,,55.5,23.7,61.7,11.5,-3.2,10.8,-17.5,18.8,0.2
UTSI,1998,1998-12-31,-2.1,,0.6,1.1,-20,-16.9,,0.8,,0,0,0,-0.3,-2.9,-17.2,0,-0.8,-0.8
UTSI,1997,1997-12-31,-3.7,,0.2,1.7,16.8,-26.6,-0.1,1.3,0,60,0,48.2,0,-4.9,-26.5,-11.8,-1.2,-1.1
ZNGA,2019,2019-12-31,-23.637,,2.823,22.35,-126.667,371.726,-16.762,79.445,10.739,17.488,570.788,451.631,41.925,-851.865,262.828,-136.645,-213.506,-828.228
ZNGA,2018,2018-12-31,-11.469,,,16.111,174.319,49.814,-3.366,42.057,-4.594,-81.601,99.1,-8.308,15.457,18.981,168.24,-25.807,64.278,30.45
ZNGA,2017,2017-12-31,-9.971,,0,4.024,-456.039,-29.979,3.78,30.294,3.945,-96.244,0,-123.078,26.639,-431.281,94.375,-26.834,63.641,-421.31
ZNGA,2016,2016-12-31,-10.313,,,,110.25,-0.08,-1.988,41.77,-3.542,-136.675,,-150.327,-108.173,204.103,60.016,-13.652,128.487,214.416
ZNGA,2015,2015-12-31,-7.832,,,,610.914,-96.287,-12.693,54.315,-0.667,-80.842,,-93.545,-121.51,749.573,-44.447,-12.703,131.728,757.405
ZNGA,2014,2014-12-31,-9.2,,,,-334.2,11.8,-11,82.9,-0.7,16.4,0,15.1,-225.9,-344.2,-4.5,-1.3,137.7,-335
ZNGA,2013,2013-12-31,-7.8,,,,79.6,-165,-18.8,129,-0.8,8.9,-100,-95.8,-37,147.5,28.7,-4.7,120.3,155.3
ZNGA,2012,2012-12-31,-331.8,,,,-1196.4,-67.8,-43.8,141.5,0,5.2,99.8,104.8,-209.4,-1496.9,195.8,-0.2,375.4,-1165.2
ZNGA,2011,2011-12-31,-238.1,,,,1394.5,77.4,4.4,95.4,0,204.4,0,1068.8,-404.3,-63.5,389.2,864.4,616.3,174.6
ZNGA,2010,2010-12-31,-57.9,,,28.6,60.5,216.5,-8.5,39.5,0.1,311.7,,351.4,90.6,-617.4,326.4,39.7,-11.7,-559.5
ZNGA,2009,2009-12-31,-39.4,,,10,101.8,229.2,0,10.4,0,14.2,,14.2,-52.8,-103.4,191,0,4.2,-64
ZNGA,2008,2008-12-31,-10.6,,,1,19.8,28.1,0,2.9,0,29.5,,29.5,-22.1,-21.2,11.5,0,2.6,-10.6
